
 /* 插入数据 `lzh_member_login` */
 INSERT INTO `lzh_member_login` VALUES ('64','13','123.150.217.213','1404090808');/* DBReback Separation */
 /* 插入数据 `lzh_member_login` */
 INSERT INTO `lzh_member_login` VALUES ('65','13','123.150.217.213','1404092229');/* DBReback Separation */
 /* 插入数据 `lzh_member_login` */
 INSERT INTO `lzh_member_login` VALUES ('66','13','123.150.217.213','1404101452');/* DBReback Separation */
 /* 插入数据 `lzh_member_login` */
 INSERT INTO `lzh_member_login` VALUES ('67','13','123.150.217.213','1404107782');/* DBReback Separation */
 /* 插入数据 `lzh_member_login` */
 INSERT INTO `lzh_member_login` VALUES ('68','15','222.174.71.186','1404112239');/* DBReback Separation */
 /* 插入数据 `lzh_member_login` */
 INSERT INTO `lzh_member_login` VALUES ('69','13','123.150.217.213','1404180085');/* DBReback Separation */
 /* 插入数据 `lzh_member_login` */
 INSERT INTO `lzh_member_login` VALUES ('70','20','106.37.236.15','1404181414');/* DBReback Separation */
 /* 插入数据 `lzh_member_login` */
 INSERT INTO `lzh_member_login` VALUES ('71','13','123.150.217.213','1404198184');/* DBReback Separation */
 /* 插入数据 `lzh_member_login` */
 INSERT INTO `lzh_member_login` VALUES ('72','13','123.150.217.213','1404201477');/* DBReback Separation */
 /* 插入数据 `lzh_member_login` */
 INSERT INTO `lzh_member_login` VALUES ('73','13','222.174.71.186','1404466016');/* DBReback Separation */
 /* 插入数据 `lzh_member_login` */
 INSERT INTO `lzh_member_login` VALUES ('74','13','222.174.71.186','1404359820');/* DBReback Separation */
 /* 插入数据 `lzh_member_login` */
 INSERT INTO `lzh_member_login` VALUES ('75','10','222.174.71.186','1404360929');/* DBReback Separation */
 /* 插入数据 `lzh_member_login` */
 INSERT INTO `lzh_member_login` VALUES ('76','13','222.174.71.186','1404361733');/* DBReback Separation */
 /* 插入数据 `lzh_member_login` */
 INSERT INTO `lzh_member_login` VALUES ('77','10','222.174.71.186','1404361959');/* DBReback Separation */
 /* 插入数据 `lzh_member_login` */
 INSERT INTO `lzh_member_login` VALUES ('78','15','222.174.71.186','1404438961');/* DBReback Separation */
 /* 插入数据 `lzh_member_login` */
 INSERT INTO `lzh_member_login` VALUES ('79','17','222.174.71.186','1404438989');/* DBReback Separation */
 /* 插入数据 `lzh_member_login` */
 INSERT INTO `lzh_member_login` VALUES ('80','24','119.161.215.242','1404457707');/* DBReback Separation */
 /* 插入数据 `lzh_member_login` */
 INSERT INTO `lzh_member_login` VALUES ('81','29','221.14.169.39','1404619462');/* DBReback Separation */
 /* 插入数据 `lzh_member_login` */
 INSERT INTO `lzh_member_login` VALUES ('82','29','221.14.169.39','1404632475');/* DBReback Separation */
 /* 插入数据 `lzh_member_login` */
 INSERT INTO `lzh_member_login` VALUES ('83','32','60.161.179.166','1404705621');/* DBReback Separation */
 /* 插入数据 `lzh_member_login` */
 INSERT INTO `lzh_member_login` VALUES ('84','32','60.161.179.166','1404706523');/* DBReback Separation */
 /* 插入数据 `lzh_member_login` */
 INSERT INTO `lzh_member_login` VALUES ('85','17','222.174.71.186','1404714598');/* DBReback Separation */
 /* 插入数据 `lzh_member_login` */
 INSERT INTO `lzh_member_login` VALUES ('86','32','60.161.178.80','1404790864');/* DBReback Separation */
 /* 插入数据 `lzh_member_login` */
 INSERT INTO `lzh_member_login` VALUES ('87','13','222.174.71.186','1404805326');/* DBReback Separation */
 /* 插入数据 `lzh_member_login` */
 INSERT INTO `lzh_member_login` VALUES ('88','13','222.174.71.186','1404805398');/* DBReback Separation */
 /* 插入数据 `lzh_member_login` */
 INSERT INTO `lzh_member_login` VALUES ('89','13','222.174.71.186','1404805443');/* DBReback Separation */
 /* 插入数据 `lzh_member_login` */
 INSERT INTO `lzh_member_login` VALUES ('90','25','60.210.56.17','1404965549');/* DBReback Separation */
 /* 插入数据 `lzh_member_login` */
 INSERT INTO `lzh_member_login` VALUES ('91','13','101.36.65.69','1404979845');/* DBReback Separation */
 /* 插入数据 `lzh_member_login` */
 INSERT INTO `lzh_member_login` VALUES ('92','38','110.90.163.98','1405046053');/* DBReback Separation */
 /* 插入数据 `lzh_member_login` */
 INSERT INTO `lzh_member_login` VALUES ('93','38','110.90.138.58','1405061043');/* DBReback Separation */
 /* 插入数据 `lzh_member_login` */
 INSERT INTO `lzh_member_login` VALUES ('94','38','110.90.163.98','1405068167');/* DBReback Separation */
 /* 插入数据 `lzh_member_login` */
 INSERT INTO `lzh_member_login` VALUES ('95','38','110.90.138.58','1405068451');/* DBReback Separation */
 /* 插入数据 `lzh_member_login` */
 INSERT INTO `lzh_member_login` VALUES ('96','13','101.36.65.69','1405304611');/* DBReback Separation */
 /* 插入数据 `lzh_member_login` */
 INSERT INTO `lzh_member_login` VALUES ('97','40','60.55.43.128','1405390647');/* DBReback Separation */
 /* 插入数据 `lzh_member_login` */
 INSERT INTO `lzh_member_login` VALUES ('98','42','124.205.215.53','1405475428');/* DBReback Separation */
 /* 插入数据 `lzh_member_login` */
 INSERT INTO `lzh_member_login` VALUES ('99','17','222.174.71.186','1405583098');/* DBReback Separation */
 /* 插入数据 `lzh_member_login` */
 INSERT INTO `lzh_member_login` VALUES ('100','17','222.174.71.186','1405666636');/* DBReback Separation */
 /* 插入数据 `lzh_member_login` */
 INSERT INTO `lzh_member_login` VALUES ('101','13','118.186.197.214','1405824812');/* DBReback Separation */
 /* 插入数据 `lzh_member_login` */
 INSERT INTO `lzh_member_login` VALUES ('102','13','106.38.202.87','1405914588');/* DBReback Separation */
 /* 插入数据 `lzh_member_login` */
 INSERT INTO `lzh_member_login` VALUES ('103','45','106.38.202.87','1405914916');/* DBReback Separation */
 /* 插入数据 `lzh_member_login` */
 INSERT INTO `lzh_member_login` VALUES ('104','45','106.38.202.87','1405922067');/* DBReback Separation */
 /* 插入数据 `lzh_member_login` */
 INSERT INTO `lzh_member_login` VALUES ('105','41','106.38.202.87','1405922957');/* DBReback Separation */
 /* 插入数据 `lzh_member_login` */
 INSERT INTO `lzh_member_login` VALUES ('106','13','106.38.202.87','1405992715');/* DBReback Separation */
 /* 插入数据 `lzh_member_login` */
 INSERT INTO `lzh_member_login` VALUES ('107','46','120.42.169.63','1405993443');/* DBReback Separation */
 /* 插入数据 `lzh_member_login` */
 INSERT INTO `lzh_member_login` VALUES ('108','13','106.38.202.87','1406014260');/* DBReback Separation */
 /* 插入数据 `lzh_member_login` */
 INSERT INTO `lzh_member_login` VALUES ('109','45','106.38.202.87','1406014387');/* DBReback Separation */
 /* 插入数据 `lzh_member_login` */
 INSERT INTO `lzh_member_login` VALUES ('110','51','27.204.30.157','1406357850');/* DBReback Separation */
 /* 插入数据 `lzh_member_login` */
 INSERT INTO `lzh_member_login` VALUES ('111','53','61.183.166.15','1406447148');/* DBReback Separation */
 /* 插入数据 `lzh_member_login` */
 INSERT INTO `lzh_member_login` VALUES ('112','13','106.38.202.87','1406515399');/* DBReback Separation */
 /* 插入数据 `lzh_member_login` */
 INSERT INTO `lzh_member_login` VALUES ('113','31','113.205.151.162','1406527922');/* DBReback Separation */
 /* 插入数据 `lzh_member_login` */
 INSERT INTO `lzh_member_login` VALUES ('114','31','113.205.151.162','1406528032');/* DBReback Separation */
 /* 插入数据 `lzh_member_login` */
 INSERT INTO `lzh_member_login` VALUES ('115','31','113.205.151.162','1406531680');/* DBReback Separation */
 /* 插入数据 `lzh_member_login` */
 INSERT INTO `lzh_member_login` VALUES ('116','31','113.205.151.162','1406598947');/* DBReback Separation */
 /* 插入数据 `lzh_member_login` */
 INSERT INTO `lzh_member_login` VALUES ('117','15','222.174.71.186','1406688331');/* DBReback Separation */
 /* 插入数据 `lzh_member_login` */
 INSERT INTO `lzh_member_login` VALUES ('118','17','222.174.71.186','1406688403');/* DBReback Separation */
 /* 插入数据 `lzh_member_login` */
 INSERT INTO `lzh_member_login` VALUES ('119','31','27.10.168.136','1406691818');/* DBReback Separation */
 /* 插入数据 `lzh_member_login` */
 INSERT INTO `lzh_member_login` VALUES ('120','31','27.10.168.136','1406699535');/* DBReback Separation */
 /* 插入数据 `lzh_member_login` */
 INSERT INTO `lzh_member_login` VALUES ('121','55','118.186.197.214','1406699837');/* DBReback Separation */
 /* 插入数据 `lzh_member_login` */
 INSERT INTO `lzh_member_login` VALUES ('122','31','27.10.168.136','1406700116');/* DBReback Separation */
 /* 插入数据 `lzh_member_login` */
 INSERT INTO `lzh_member_login` VALUES ('123','55','118.186.197.214','1406700264');/* DBReback Separation */
 /* 插入数据 `lzh_member_login` */
 INSERT INTO `lzh_member_login` VALUES ('124','54','118.186.197.214','1406712890');/* DBReback Separation */
 /* 插入数据 `lzh_member_login` */
 INSERT INTO `lzh_member_login` VALUES ('125','55','118.186.197.214','1406775789');/* DBReback Separation */
 /* 插入数据 `lzh_member_login` */
 INSERT INTO `lzh_member_login` VALUES ('126','54','118.186.197.214','1406775867');/* DBReback Separation */
 /* 插入数据 `lzh_member_login` */
 INSERT INTO `lzh_member_login` VALUES ('127','56','125.70.114.23','1406778626');/* DBReback Separation */
 /* 插入数据 `lzh_member_login` */
 INSERT INTO `lzh_member_login` VALUES ('128','13','222.174.71.186','1406966400');/* DBReback Separation */
 /* 插入数据 `lzh_member_login` */
 INSERT INTO `lzh_member_login` VALUES ('129','53','222.174.71.186','1406966820');/* DBReback Separation */
 /* 插入数据 `lzh_member_login` */
 INSERT INTO `lzh_member_login` VALUES ('130','13','222.174.71.186','1406967839');/* DBReback Separation */
 /* 插入数据 `lzh_member_login` */
 INSERT INTO `lzh_member_login` VALUES ('131','54','118.186.197.214','1406968523');/* DBReback Separation */
 /* 插入数据 `lzh_member_login` */
 INSERT INTO `lzh_member_login` VALUES ('132','55','118.186.197.214','1407140906');/* DBReback Separation */
 /* 插入数据 `lzh_member_login` */
 INSERT INTO `lzh_member_login` VALUES ('133','55','118.186.197.214','1407141852');/* DBReback Separation */
 /* 插入数据 `lzh_member_login` */
 INSERT INTO `lzh_member_login` VALUES ('134','60','60.215.174.7','1407224483');/* DBReback Separation */
 /* 插入数据 `lzh_member_login` */
 INSERT INTO `lzh_member_login` VALUES ('135','65','118.186.197.214','1407227431');/* DBReback Separation */
 /* 插入数据 `lzh_member_login` */
 INSERT INTO `lzh_member_login` VALUES ('136','13','222.174.71.186','1407240326');/* DBReback Separation */
 /* 插入数据 `lzh_member_login` */
 INSERT INTO `lzh_member_login` VALUES ('137','60','60.215.174.7','1407287285');/* DBReback Separation */
 /* 插入数据 `lzh_member_login` */
 INSERT INTO `lzh_member_login` VALUES ('138','54','118.186.197.214','1407296783');/* DBReback Separation */
 /* 插入数据 `lzh_member_login` */
 INSERT INTO `lzh_member_login` VALUES ('139','55','118.186.197.214','1407299151');/* DBReback Separation */
 /* 插入数据 `lzh_member_login` */
 INSERT INTO `lzh_member_login` VALUES ('140','64','118.186.197.214','1407311095');/* DBReback Separation */
 /* 插入数据 `lzh_member_login` */
 INSERT INTO `lzh_member_login` VALUES ('141','54','118.186.197.214','1407312438');/* DBReback Separation */
 /* 插入数据 `lzh_member_login` */
 INSERT INTO `lzh_member_login` VALUES ('142','60','60.215.174.7','1407458420');/* DBReback Separation */
 /* 插入数据 `lzh_member_login` */
 INSERT INTO `lzh_member_login` VALUES ('143','54','118.186.197.214','1407465008');/* DBReback Separation */
 /* 插入数据 `lzh_member_login` */
 INSERT INTO `lzh_member_login` VALUES ('144','54','118.186.197.214','1407467559');/* DBReback Separation */
 /* 插入数据 `lzh_member_login` */
 INSERT INTO `lzh_member_login` VALUES ('145','64','118.186.197.214','1407473499');/* DBReback Separation */
 /* 插入数据 `lzh_member_login` */
 INSERT INTO `lzh_member_login` VALUES ('146','19','60.23.186.110','1407551872');/* DBReback Separation */
 /* 插入数据 `lzh_member_login` */
 INSERT INTO `lzh_member_login` VALUES ('147','32','112.114.64.188','1407573796');/* DBReback Separation */
 /* 插入数据 `lzh_member_login` */
 INSERT INTO `lzh_member_login` VALUES ('148','15','222.174.71.186','1407830719');/* DBReback Separation */
 /* 插入数据 `lzh_member_login` */
 INSERT INTO `lzh_member_login` VALUES ('149','13','118.186.197.214','1407915835');/* DBReback Separation */
 /* 插入数据 `lzh_member_login` */
 INSERT INTO `lzh_member_login` VALUES ('150','15','222.61.20.201','1407916272');/* DBReback Separation */
 /* 插入数据 `lzh_member_login` */
 INSERT INTO `lzh_member_login` VALUES ('151','58','222.174.71.186','1408000498');/* DBReback Separation */
 /* 插入数据 `lzh_member_login` */
 INSERT INTO `lzh_member_login` VALUES ('152','64','118.186.197.214','1408156128');/* DBReback Separation */
 /* 插入数据 `lzh_member_login` */
 INSERT INTO `lzh_member_login` VALUES ('153','15','222.61.20.201','1408332559');/* DBReback Separation */
 /* 插入数据 `lzh_member_login` */
 INSERT INTO `lzh_member_login` VALUES ('154','15','222.174.71.186','1408526650');/* DBReback Separation */
 /* 插入数据 `lzh_member_login` */
 INSERT INTO `lzh_member_login` VALUES ('155','73','58.46.39.66','1408533615');/* DBReback Separation */
 /* 插入数据 `lzh_member_login` */
 INSERT INTO `lzh_member_login` VALUES ('156','64','118.186.197.214','1408596811');/* DBReback Separation */
 /* 插入数据 `lzh_member_login` */
 INSERT INTO `lzh_member_login` VALUES ('157','15','222.174.71.186','1408673062');/* DBReback Separation */
 /* 插入数据 `lzh_member_login` */
 INSERT INTO `lzh_member_login` VALUES ('158','15','222.174.71.186','1408688629');/* DBReback Separation */
 /* 插入数据 `lzh_member_login` */
 INSERT INTO `lzh_member_login` VALUES ('159','65','180.155.199.24','1408784480');/* DBReback Separation */
 /* 插入数据 `lzh_member_login` */
 INSERT INTO `lzh_member_login` VALUES ('160','64','180.155.199.24','1408784697');/* DBReback Separation */
 /* 插入数据 `lzh_member_login` */
 INSERT INTO `lzh_member_login` VALUES ('161','15','119.57.72.242','1408935178');/* DBReback Separation */
 /* 插入数据 `lzh_member_login` */
 INSERT INTO `lzh_member_login` VALUES ('162','15','119.57.72.242','1409024517');/* DBReback Separation */
 /* 插入数据 `lzh_member_login` */
 INSERT INTO `lzh_member_login` VALUES ('163','76','222.223.186.203','1409066046');/* DBReback Separation */
 /* 插入数据 `lzh_member_login` */
 INSERT INTO `lzh_member_login` VALUES ('164','5','222.209.135.12','1409108568');/* DBReback Separation */
 /* 插入数据 `lzh_member_login` */
 INSERT INTO `lzh_member_login` VALUES ('165','79','222.211.221.67','1409109066');/* DBReback Separation */
 /* 插入数据 `lzh_member_login` */
 INSERT INTO `lzh_member_login` VALUES ('166','5','222.209.135.12','1409109684');/* DBReback Separation */
 /* 插入数据 `lzh_member_login` */
 INSERT INTO `lzh_member_login` VALUES ('167','79','222.209.7.186','1409109918');/* DBReback Separation */
 /* 插入数据 `lzh_member_login` */
 INSERT INTO `lzh_member_login` VALUES ('168','5','222.209.7.186','1409110197');/* DBReback Separation */
 /* 插入数据 `lzh_member_login` */
 INSERT INTO `lzh_member_login` VALUES ('169','79','222.209.135.12','1409110482');/* DBReback Separation */
 /* 插入数据 `lzh_member_login` */
 INSERT INTO `lzh_member_login` VALUES ('170','5','222.211.221.67','1409110756');/* DBReback Separation */
 /* 插入数据 `lzh_member_login` */
 INSERT INTO `lzh_member_login` VALUES ('171','79','222.211.221.67','1409110869');/* DBReback Separation */
 /* 插入数据 `lzh_member_login` */
 INSERT INTO `lzh_member_login` VALUES ('172','5','222.209.7.186','1409111406');/* DBReback Separation */
 /* 插入数据 `lzh_member_login` */
 INSERT INTO `lzh_member_login` VALUES ('173','76','222.223.219.84','1409119891');/* DBReback Separation */
 /* 插入数据 `lzh_member_login` */
 INSERT INTO `lzh_member_login` VALUES ('174','15','222.174.71.186','1409207431');/* DBReback Separation */
 /* 插入数据 `lzh_member_login` */
 INSERT INTO `lzh_member_login` VALUES ('175','15','222.174.71.186','1409272728');/* DBReback Separation */
 /* 插入数据 `lzh_member_login` */
 INSERT INTO `lzh_member_login` VALUES ('176','64','118.186.197.214','1409283908');/* DBReback Separation */
 /* 插入数据 `lzh_member_login` */
 INSERT INTO `lzh_member_login` VALUES ('177','76','222.223.219.84','1409292378');/* DBReback Separation */
 /* 插入数据 `lzh_member_login` */
 INSERT INTO `lzh_member_login` VALUES ('178','64','221.221.175.213','1409303385');/* DBReback Separation */
 /* 插入数据 `lzh_member_login` */
 INSERT INTO `lzh_member_login` VALUES ('179','64','118.186.197.214','1409389697');/* DBReback Separation */
 /* 插入数据 `lzh_member_login` */
 INSERT INTO `lzh_member_login` VALUES ('180','64','222.89.231.18','1409392988');/* DBReback Separation */
 /* 插入数据 `lzh_member_login` */
 INSERT INTO `lzh_member_login` VALUES ('181','84','120.213.207.84','1409402840');/* DBReback Separation */
 /* 插入数据 `lzh_member_login` */
 INSERT INTO `lzh_member_login` VALUES ('182','64','120.213.207.84','1409403086');/* DBReback Separation */
 /* 插入数据 `lzh_member_login` */
 INSERT INTO `lzh_member_login` VALUES ('183','84','120.213.207.84','1409403323');/* DBReback Separation */
 /* 插入数据 `lzh_member_login` */
 INSERT INTO `lzh_member_login` VALUES ('184','64','222.89.227.60','1409482486');/* DBReback Separation */
 /* 插入数据 `lzh_member_login` */
 INSERT INTO `lzh_member_login` VALUES ('185','85','113.116.147.126','1409535941');/* DBReback Separation */
 /* 插入数据 `lzh_member_login` */
 INSERT INTO `lzh_member_login` VALUES ('186','64','118.186.197.214','1409546536');/* DBReback Separation */
 /* 插入数据 `lzh_member_login` */
 INSERT INTO `lzh_member_login` VALUES ('187','64','117.79.232.162','1409581720');/* DBReback Separation */
 /* 插入数据 `lzh_member_login` */
 INSERT INTO `lzh_member_login` VALUES ('188','64','118.186.197.214','1409728196');/* DBReback Separation */
 /* 插入数据 `lzh_member_login` */
 INSERT INTO `lzh_member_login` VALUES ('189','87','125.40.89.36','1409888291');/* DBReback Separation */
 /* 插入数据 `lzh_member_login` */
 INSERT INTO `lzh_member_login` VALUES ('190','19','60.23.185.26','1409896079');/* DBReback Separation */
 /* 插入数据 `lzh_member_login` */
 INSERT INTO `lzh_member_login` VALUES ('191','99','183.1.74.126','1410075181');/* DBReback Separation */
 /* 插入数据 `lzh_member_login` */
 INSERT INTO `lzh_member_login` VALUES ('192','15','222.61.20.201','1410227076');/* DBReback Separation */
 /* 插入数据 `lzh_member_login` */
 INSERT INTO `lzh_member_login` VALUES ('193','55','222.244.38.15','1410253794');/* DBReback Separation */
 /* 插入数据 `lzh_member_login` */
 INSERT INTO `lzh_member_login` VALUES ('194','64','125.46.165.17','1410315902');/* DBReback Separation */
 /* 插入数据 `lzh_member_login` */
 INSERT INTO `lzh_member_login` VALUES ('195','54','118.186.197.214','1410329486');/* DBReback Separation */
 /* 插入数据 `lzh_member_login` */
 INSERT INTO `lzh_member_login` VALUES ('196','55','118.186.197.214','1410345228');/* DBReback Separation */
 /* 插入数据 `lzh_member_login` */
 INSERT INTO `lzh_member_login` VALUES ('197','55','118.186.197.214','1410398183');/* DBReback Separation */
 /* 插入数据 `lzh_member_login` */
 INSERT INTO `lzh_member_login` VALUES ('198','87','123.6.182.59','1410422144');/* DBReback Separation */
 /* 插入数据 `lzh_member_login` */
 INSERT INTO `lzh_member_login` VALUES ('199','19','61.176.122.113','1410423645');/* DBReback Separation */
 /* 插入数据 `lzh_member_login` */
 INSERT INTO `lzh_member_login` VALUES ('200','102','219.157.247.140','1410442318');/* DBReback Separation */
 /* 插入数据 `lzh_member_login` */
 INSERT INTO `lzh_member_login` VALUES ('201','106','27.190.18.137','1410492312');/* DBReback Separation */ 
 /* 数据表结构 `lzh_member_money`*/ 
 DROP TABLE IF EXISTS `lzh_member_money`;/* DBReback Separation */ 
 CREATE TABLE `lzh_member_money` (
  `uid` int(10) unsigned NOT NULL,
  `money_freeze` decimal(15,2) NOT NULL COMMENT '冻结金额',
  `money_collect` decimal(15,2) NOT NULL COMMENT '待收金额',
  `account_money` decimal(15,2) NOT NULL COMMENT '充值资金存放池_可用余额',
  `back_money` decimal(15,2) NOT NULL COMMENT '回款资金存放池_可用余额',
  `credit_limit` decimal(15,2) NOT NULL,
  `credit_cuse` decimal(15,2) NOT NULL,
  `borrow_vouch_limit` decimal(15,2) NOT NULL,
  `borrow_vouch_cuse` decimal(15,2) NOT NULL,
  `invest_vouch_limit` decimal(15,2) NOT NULL,
  `invest_vouch_cuse` decimal(15,2) NOT NULL,
  PRIMARY KEY (`uid`)
) ENGINE=MyISAM DEFAULT CHARSET=utf8;/* DBReback Separation */
 /* 插入数据 `lzh_member_money` */
 INSERT INTO `lzh_member_money` VALUES ('0','0.00','0.00','9990.00','0.00','0.00','0.00','0.00','0.00','0.00','0.00');/* DBReback Separation */
 /* 插入数据 `lzh_member_money` */
 INSERT INTO `lzh_member_money` VALUES ('1','0.00','103842.12','358770.01','0.00','1111111.00','1111111.00','0.00','0.00','0.00','0.00');/* DBReback Separation */
 /* 插入数据 `lzh_member_money` */
 INSERT INTO `lzh_member_money` VALUES ('2','0.00','97620.82','937991.49','0.00','0.00','0.00','0.00','0.00','0.00','0.00');/* DBReback Separation */
 /* 插入数据 `lzh_member_money` */
 INSERT INTO `lzh_member_money` VALUES ('3','0.00','1007.50','111412895.00','0.00','800000.00','800000.00','800000.00','800000.00','800000.00','800000.00');/* DBReback Separation */
 /* 插入数据 `lzh_member_money` */
 INSERT INTO `lzh_member_money` VALUES ('4','1000.00','0.00','927298.50','0.00','8000000.00','8000000.00','100.00','100.00','100.00','100.00');/* DBReback Separation */
 /* 插入数据 `lzh_member_money` */
 INSERT INTO `lzh_member_money` VALUES ('5','1000.00','0.00','100455295.00','0.00','100000000000.00','100000000000.00','0.00','0.00','0.00','0.00');/* DBReback Separation */
 /* 插入数据 `lzh_member_money` */
 INSERT INTO `lzh_member_money` VALUES ('6','1010.00','1139787.85','99986891.00','0.00','1000000000.00','1002000000.00','100.00','100.00','100.00','100.00');/* DBReback Separation */
 /* 插入数据 `lzh_member_money` */
 INSERT INTO `lzh_member_money` VALUES ('7','0.00','0.00','99700.00','0.00','9999999999999.99','9999999999999.99','0.00','0.00','0.00','0.00');/* DBReback Separation */
 /* 插入数据 `lzh_member_money` */
 INSERT INTO `lzh_member_money` VALUES ('8','0.00','195134.26','6760.00','0.00','0.00','0.00','0.00','0.00','0.00','0.00');/* DBReback Separation */
 /* 插入数据 `lzh_member_money` */
 INSERT INTO `lzh_member_money` VALUES ('9','0.00','33931.90','20805.00','0.00','0.00','0.00','0.00','0.00','0.00','0.00');/* DBReback Separation */
 /* 插入数据 `lzh_member_money` */
 INSERT INTO `lzh_member_money` VALUES ('10','0.00','20057.50','455881641.54','10150.00','0.00','0.00','0.00','0.00','0.00','0.00');/* DBReback Separation */
 /* 插入数据 `lzh_member_money` */
 INSERT INTO `lzh_member_money` VALUES ('11','0.00','3313.08','6931.00','0.00','0.00','0.00','0.00','0.00','0.00','0.00');/* DBReback Separation */
 /* 插入数据 `lzh_member_money` */
 INSERT INTO `lzh_member_money` VALUES ('13','0.00','2613013.50','9016923.65','0.00','100010.00','111010.00','100000.00','100000.00','100000.00','100000.00');/* DBReback Separation */
 /* 插入数据 `lzh_member_money` */
 INSERT INTO `lzh_member_money` VALUES ('19','0.00','503750.00','99800000.00','0.00','0.00','0.00','0.00','0.00','0.00','0.00');/* DBReback Separation */
 /* 插入数据 `lzh_member_money` */
 INSERT INTO `lzh_member_money` VALUES ('21','0.00','52250.00','150600.00','0.00','180000.00','360000.00','0.00','0.00','0.00','0.00');/* DBReback Separation */
 /* 插入数据 `lzh_member_money` */
 INSERT INTO `lzh_member_money` VALUES ('25','0.00','0.00','1895.00','0.00','10000.00','10000.00','0.00','0.00','0.00','0.00');/* DBReback Separation */
 /* 插入数据 `lzh_member_money` */
 INSERT INTO `lzh_member_money` VALUES ('27','100000.00','100000.00','1000000.00','0.00','0.00','0.00','0.00','0.00','0.00','0.00');/* DBReback Separation */
 /* 插入数据 `lzh_member_money` */
 INSERT INTO `lzh_member_money` VALUES ('32','0.00','1055040.00','1366080.00','36.00','1000000.00','1000000.00','0.00','0.00','0.00','0.00');/* DBReback Separation */
 /* 插入数据 `lzh_member_money` */
 INSERT INTO `lzh_member_money` VALUES ('41','0.00','1234000.00','9030000.00','0.00','100000.00','110000.00','0.00','0.00','0.00','0.00');/* DBReback Separation */
 /* 插入数据 `lzh_member_money` */
 INSERT INTO `lzh_member_money` VALUES ('45','0.00','66.69','9900.00','33.35','0.00','0.00','0.00','0.00','0.00','0.00');/* DBReback Separation */
 /* 插入数据 `lzh_member_money` */
 INSERT INTO `lzh_member_money` VALUES ('52','0.00','0.00','10000.00','0.00','0.00','0.00','0.00','0.00','0.00','0.00');/* DBReback Separation */
 /* 插入数据 `lzh_member_money` */
 INSERT INTO `lzh_member_money` VALUES ('53','0.00','10375.00','10998605.03','0.00','0.00','0.00','0.00','0.00','0.00','0.00');/* DBReback Separation */
 /* 插入数据 `lzh_member_money` */
 INSERT INTO `lzh_member_money` VALUES ('54','0.00','0.00','22166000.00','0.00','0.00','0.00','0.00','0.00','0.00','0.00');/* DBReback Separation */
 /* 插入数据 `lzh_member_money` */
 INSERT INTO `lzh_member_money` VALUES ('55','0.00','22893.58','180520000.00','0.00','0.00','0.00','0.00','0.00','0.00','0.00');/* DBReback Separation */
 /* 插入数据 `lzh_member_money` */
 INSERT INTO `lzh_member_money` VALUES ('64','0.00','100750.00','1001908183.50','0.00','10000000000.00','10000000000.00','0.00','11000000.00','0.00','0.00');/* DBReback Separation */
 /* 插入数据 `lzh_member_money` */
 INSERT INTO `lzh_member_money` VALUES ('66','0.00','10100.00','90300.00','0.00','0.00','0.00','0.00','0.00','0.00','0.00');/* DBReback Separation */
 /* 插入数据 `lzh_member_money` */
 INSERT INTO `lzh_member_money` VALUES ('72','0.00','0.00','601800.00','0.00','0.00','0.00','0.00','0.00','0.00','0.00');/* DBReback Separation */
 /* 插入数据 `lzh_member_money` */
 INSERT INTO `lzh_member_money` VALUES ('74','0.00','0.00','50.00','0.00','0.00','0.00','0.00','0.00','0.00','0.00');/* DBReback Separation */
 /* 插入数据 `lzh_member_money` */
 INSERT INTO `lzh_member_money` VALUES ('75','0.00','99900.00','1000.00','0.00','10000.00','10000.00','2000.00','2000.00','200.00','200.00');/* DBReback Separation */
 /* 插入数据 `lzh_member_money` */
 INSERT INTO `lzh_member_money` VALUES ('76','0.00','100750.00','99900100.00','0.00','2000.00','2000.00','0.00','0.00','0.00','0.00');/* DBReback Separation */
 /* 插入数据 `lzh_member_money` */
 INSERT INTO `lzh_member_money` VALUES ('79','0.00','324423.63','9710200.00','0.00','0.00','0.00','0.00','0.00','0.00','0.00');/* DBReback Separation */
 /* 插入数据 `lzh_member_money` */
 INSERT INTO `lzh_member_money` VALUES ('80','0.00','0.00','799.00','0.00','0.00','0.00','0.00','0.00','0.00','0.00');/* DBReback Separation */
 /* 插入数据 `lzh_member_money` */
 INSERT INTO `lzh_member_money` VALUES ('84','0.00','1007500.00','9999989001000.00','10316652.84','0.00','0.00','0.00','0.00','0.00','0.00');/* DBReback Separation */
 /* 插入数据 `lzh_member_money` */
 INSERT INTO `lzh_member_money` VALUES ('92','0.00','0.00','100.00','0.00','0.00','0.00','0.00','0.00','0.00','0.00');/* DBReback Separation */
 /* 插入数据 `lzh_member_money` */
 INSERT INTO `lzh_member_money` VALUES ('97','49750.00','0.00','0.00','39500.00','100000.00','100000.00','0.00','0.00','0.00','0.00');/* DBReback Separation */
 /* 插入数据 `lzh_member_money` */
 INSERT INTO `lzh_member_money` VALUES ('98','0.00','33375.00','121111.00','0.00','0.00','0.00','0.00','0.00','0.00','0.00');/* DBReback Separation */
 /* 插入数据 `lzh_member_money` */
 INSERT INTO `lzh_member_money` VALUES ('99','0.00','0.00','0.00','0.00','1111.00','1111.00','0.00','0.00','0.00','0.00');/* DBReback Separation */
 /* 插入数据 `lzh_member_money` */
 INSERT INTO `lzh_member_money` VALUES ('100','0.00','44500.00','71111.00','0.00','0.00','0.00','0.00','0.00','0.00','0.00');/* DBReback Separation */
 /* 插入数据 `lzh_member_money` */
 INSERT INTO `lzh_member_money` VALUES ('101','0.00','33375.00','81111.00','0.00','0.00','0.00','0.00','0.00','0.00','0.00');/* DBReback Separation */
 /* 插入数据 `lzh_member_money` */
 INSERT INTO `lzh_member_money` VALUES ('104','0.00','6045000.00','96751799.00','0.00','209999999997.00','209999999997.00','2099999997.00','2099999997.00','11099999997.00','11099999997.00');/* DBReback Separation */
 /* 插入数据 `lzh_member_money` */
 INSERT INTO `lzh_member_money` VALUES ('105','0.00','50750.00','4950000.00','0.00','0.00','0.00','0.00','0.00','0.00','0.00');/* DBReback Separation */ 
 /* 数据表结构 `lzh_member_moneylog`*/ 
 DROP TABLE IF EXISTS `lzh_member_moneylog`;/* DBReback Separation */ 
 CREATE TABLE `lzh_member_moneylog` (
  `id` int(10) unsigned NOT NULL AUTO_INCREMENT,
  `uid` int(10) unsigned NOT NULL,
  `type` tinyint(3) unsigned NOT NULL,
  `affect_money` decimal(15,2) NOT NULL COMMENT '影响金额',
  `account_money` decimal(15,2) NOT NULL COMMENT '充值资金存放池_可用余额',
  `back_money` decimal(15,2) NOT NULL COMMENT '回款资金存放池_可用余额',
  `collect_money` decimal(15,2) NOT NULL COMMENT '待收金额',
  `freeze_money` decimal(15,2) NOT NULL COMMENT '冻结金额',
  `info` varchar(50) NOT NULL,
  `add_time` int(10) unsigned NOT NULL,
  `add_ip` varchar(16) NOT NULL,
  `target_uid` int(11) NOT NULL DEFAULT '0',
  `target_uname` varchar(20) NOT NULL,
  PRIMARY KEY (`id`),
  KEY `uid` (`uid`,`type`,`id`)
) ENGINE=MyISAM AUTO_INCREMENT=497 DEFAULT CHARSET=utf8;/* DBReback Separation */
 /* 插入数据 `lzh_member_moneylog` */
 INSERT INTO `lzh_member_moneylog` VALUES ('1','1','27','456345.00','456345.00','0.00','0.00','0.00','管理员手动审核充值','1402714022','192.168.0.107','0','@网站管理员@');/* DBReback Separation */
 /* 插入数据 `lzh_member_moneylog` */
 INSERT INTO `lzh_member_moneylog` VALUES ('2','1','27','524.00','456869.00','0.00','0.00','0.00','管理员手动审核充值','1402714031','192.168.0.107','0','@网站管理员@');/* DBReback Separation */
 /* 插入数据 `lzh_member_moneylog` */
 INSERT INTO `lzh_member_moneylog` VALUES ('3','1','27','100.00','456969.00','0.00','0.00','0.00','管理员手动审核充值','1402714035','192.168.0.107','0','@网站管理员@');/* DBReback Separation */
 /* 插入数据 `lzh_member_moneylog` */
 INSERT INTO `lzh_member_moneylog` VALUES ('4','1','27','100.00','457069.00','0.00','0.00','0.00','管理员手动审核充值','1402714040','192.168.0.107','0','@网站管理员@');/* DBReback Separation */
 /* 插入数据 `lzh_member_moneylog` */
 INSERT INTO `lzh_member_moneylog` VALUES ('5','1','27','4524.00','461593.00','0.00','0.00','0.00','管理员手动审核充值','1402714065','192.168.0.107','0','@网站管理员@');/* DBReback Separation */
 /* 插入数据 `lzh_member_moneylog` */
 INSERT INTO `lzh_member_moneylog` VALUES ('6','5','27','100000000.00','100000000.00','0.00','0.00','0.00','管理员手动审核充值','1402714067','192.168.0.114','0','@网站管理员@');/* DBReback Separation */
 /* 插入数据 `lzh_member_moneylog` */
 INSERT INTO `lzh_member_moneylog` VALUES ('7','5','32','300000.00','100300000.00','0.00','0.00','0.00','线下充值奖励','1402714067','192.168.0.114','0','@网站管理员@');/* DBReback Separation */
 /* 插入数据 `lzh_member_moneylog` */
 INSERT INTO `lzh_member_moneylog` VALUES ('8','1','27','11.00','461604.00','0.00','0.00','0.00','管理员手动审核充值','1402714083','192.168.0.107','0','@网站管理员@');/* DBReback Separation */
 /* 插入数据 `lzh_member_moneylog` */
 INSERT INTO `lzh_member_moneylog` VALUES ('9','4','7','800000.00','800000.00','0.00','0.00','0.00','资金流动','1402714575','192.168.0.123','0','@网站管理员@');/* DBReback Separation */
 /* 插入数据 `lzh_member_moneylog` */
 INSERT INTO `lzh_member_moneylog` VALUES ('10','4','7','1000.00','800000.00','0.00','0.00','1000.00','资金流动','1402714575','192.168.0.123','0','@网站管理员@');/* DBReback Separation */
 /* 插入数据 `lzh_member_moneylog` */
 INSERT INTO `lzh_member_moneylog` VALUES ('11','1','37','-1000.00','460604.00','0.00','0.00','1000.00','对1号企业直投进行了投标','1402715178','192.168.0.109','2','ggggwfn11');/* DBReback Separation */
 /* 插入数据 `lzh_member_moneylog` */
 INSERT INTO `lzh_member_moneylog` VALUES ('12','2','17','1000.00','1000.00','0.00','0.00','0.00','第1号企业直投已被认购1000元，1000元已入帐','1402715178','192.168.0.109','0','@网站管理员@');/* DBReback Separation */
 /* 插入数据 `lzh_member_moneylog` */
 INSERT INTO `lzh_member_moneylog` VALUES ('13','1','39','1000.00','460604.00','0.00','1000.00','0.00','您对第1号企业直投投标成功，冻结本金成为待收金额','1402715178','192.168.0.109','2','ggggwfn11');/* DBReback Separation */
 /* 插入数据 `lzh_member_moneylog` */
 INSERT INTO `lzh_member_moneylog` VALUES ('14','1','38','7.50','460604.00','0.00','1007.50','0.00','第1号企业直投应收利息成为待收利息','1402715178','192.168.0.109','2','ggggwfn11');/* DBReback Separation */
 /* 插入数据 `lzh_member_moneylog` */
 INSERT INTO `lzh_member_moneylog` VALUES ('15','6','7','10000.00','10000.00','0.00','0.00','0.00','111','1402715185','192.168.0.100','0','@网站管理员@');/* DBReback Separation */
 /* 插入数据 `lzh_member_moneylog` */
 INSERT INTO `lzh_member_moneylog` VALUES ('16','6','7','10.00','10000.00','0.00','0.00','10.00','111','1402715185','192.168.0.100','0','@网站管理员@');/* DBReback Separation */
 /* 插入数据 `lzh_member_moneylog` */
 INSERT INTO `lzh_member_moneylog` VALUES ('17','6','7','1000.00','10000.00','0.00','1000.00','10.00','111','1402715185','192.168.0.100','0','@网站管理员@');/* DBReback Separation */
 /* 插入数据 `lzh_member_moneylog` */
 INSERT INTO `lzh_member_moneylog` VALUES ('18','1','37','-1000.00','459604.00','0.00','1007.50','1000.00','对2号企业直投进行了投标','1402715222','192.168.0.109','2','ggggwfn11');/* DBReback Separation */
 /* 插入数据 `lzh_member_moneylog` */
 INSERT INTO `lzh_member_moneylog` VALUES ('19','2','17','1000.00','2000.00','0.00','0.00','0.00','第2号企业直投已被认购1000元，1000元已入帐','1402715222','192.168.0.109','0','@网站管理员@');/* DBReback Separation */
 /* 插入数据 `lzh_member_moneylog` */
 INSERT INTO `lzh_member_moneylog` VALUES ('20','1','39','1000.00','459604.00','0.00','2007.50','0.00','您对第2号企业直投投标成功，冻结本金成为待收金额','1402715222','192.168.0.109','2','ggggwfn11');/* DBReback Separation */
 /* 插入数据 `lzh_member_moneylog` */
 INSERT INTO `lzh_member_moneylog` VALUES ('21','1','38','75.00','459604.00','0.00','2082.50','0.00','第2号企业直投应收利息成为待收利息','1402715222','192.168.0.109','2','ggggwfn11');/* DBReback Separation */
 /* 插入数据 `lzh_member_moneylog` */
 INSERT INTO `lzh_member_moneylog` VALUES ('22','1','41','3.00','459607.00','0.00','2082.50','0.00','第2号企业直投认购成功，获取投标奖励','1402715222','192.168.0.109','2','ggggwfn11');/* DBReback Separation */
 /* 插入数据 `lzh_member_moneylog` */
 INSERT INTO `lzh_member_moneylog` VALUES ('23','2','42','-3.00','1997.00','0.00','0.00','0.00','第2号企业直投已被认购，支付投标奖励','1402715222','192.168.0.109','1','gxw110');/* DBReback Separation */
 /* 插入数据 `lzh_member_moneylog` */
 INSERT INTO `lzh_member_moneylog` VALUES ('24','1','37','-10.00','459597.00','0.00','2082.50','10.00','对3号企业直投进行了投标','1402715514','192.168.0.109','2','ggggwfn11');/* DBReback Separation */
 /* 插入数据 `lzh_member_moneylog` */
 INSERT INTO `lzh_member_moneylog` VALUES ('25','2','17','10.00','2007.00','0.00','0.00','0.00','第3号企业直投已被认购10元，10元已入帐','1402715514','192.168.0.109','0','@网站管理员@');/* DBReback Separation */
 /* 插入数据 `lzh_member_moneylog` */
 INSERT INTO `lzh_member_moneylog` VALUES ('26','2','18','-50.00','1957.00','0.00','0.00','0.00','第3号企业直投被认购完毕，扣除借款管理费50.00元','1402715514','192.168.0.109','0','@网站管理员@');/* DBReback Separation */
 /* 插入数据 `lzh_member_moneylog` */
 INSERT INTO `lzh_member_moneylog` VALUES ('27','1','39','10.00','459597.00','0.00','2092.50','0.00','您对第3号企业直投投标成功，冻结本金成为待收金额','1402715514','192.168.0.109','2','ggggwfn11');/* DBReback Separation */
 /* 插入数据 `lzh_member_moneylog` */
 INSERT INTO `lzh_member_moneylog` VALUES ('28','1','38','0.85','459597.00','0.00','2093.35','0.00','第3号企业直投应收利息成为待收利息','1402715514','192.168.0.109','2','ggggwfn11');/* DBReback Separation */
 /* 插入数据 `lzh_member_moneylog` */
 INSERT INTO `lzh_member_moneylog` VALUES ('29','1','41','0.01','459597.01','0.00','2093.35','0.00','第3号企业直投认购成功，获取投标奖励','1402715514','192.168.0.109','2','ggggwfn11');/* DBReback Separation */
 /* 插入数据 `lzh_member_moneylog` */
 INSERT INTO `lzh_member_moneylog` VALUES ('30','2','42','-0.01','1956.99','0.00','0.00','0.00','第3号企业直投已被认购，支付投标奖励','1402715514','192.168.0.109','1','gxw110');/* DBReback Separation */
 /* 插入数据 `lzh_member_moneylog` */
 INSERT INTO `lzh_member_moneylog` VALUES ('31','1','6','-100.00','459497.01','0.00','2093.35','100.00','对2号标进行投标','1402715665','192.168.0.109','7','aixiaochuang');/* DBReback Separation */
 /* 插入数据 `lzh_member_moneylog` */
 INSERT INTO `lzh_member_moneylog` VALUES ('32','3','7','1000000.00','1000000.00','0.00','0.00','0.00','测试呗','1402715748','192.168.0.135','0','@网站管理员@');/* DBReback Separation */
 /* 插入数据 `lzh_member_moneylog` */
 INSERT INTO `lzh_member_moneylog` VALUES ('33','6','7','100000000.00','100010000.00','0.00','1000.00','10.00','100','1402715784','192.168.0.100','0','@网站管理员@');/* DBReback Separation */
 /* 插入数据 `lzh_member_moneylog` */
 INSERT INTO `lzh_member_moneylog` VALUES ('34','6','7','1000.00','100010000.00','0.00','1000.00','1010.00','100','1402715784','192.168.0.100','0','@网站管理员@');/* DBReback Separation */
 /* 插入数据 `lzh_member_moneylog` */
 INSERT INTO `lzh_member_moneylog` VALUES ('35','6','7','1000.00','100010000.00','0.00','2000.00','1010.00','100','1402715784','192.168.0.100','0','@网站管理员@');/* DBReback Separation */
 /* 插入数据 `lzh_member_moneylog` */
 INSERT INTO `lzh_member_moneylog` VALUES ('36','8','27','200000.00','200000.00','0.00','0.00','0.00','管理员手动审核充值','1402715786','192.168.0.119','0','@网站管理员@');/* DBReback Separation */
 /* 插入数据 `lzh_member_moneylog` */
 INSERT INTO `lzh_member_moneylog` VALUES ('37','8','32','600.00','200600.00','0.00','0.00','0.00','线下充值奖励','1402715786','192.168.0.119','0','@网站管理员@');/* DBReback Separation */
 /* 插入数据 `lzh_member_moneylog` */
 INSERT INTO `lzh_member_moneylog` VALUES ('38','1','6','-90000.00','369497.01','0.00','2093.35','90100.00','对2号标进行投标','1402715808','192.168.0.109','7','aixiaochuang');/* DBReback Separation */
 /* 插入数据 `lzh_member_moneylog` */
 INSERT INTO `lzh_member_moneylog` VALUES ('39','1','6','-100.00','369397.01','0.00','2093.35','90200.00','对3号标进行投标','1402715836','192.168.0.109','5','lvmaque');/* DBReback Separation */
 /* 插入数据 `lzh_member_moneylog` */
 INSERT INTO `lzh_member_moneylog` VALUES ('40','10','27','9900.00','9900.00','0.00','0.00','0.00','管理员手动审核充值','1402715904','192.168.0.110','0','@网站管理员@');/* DBReback Separation */
 /* 插入数据 `lzh_member_moneylog` */
 INSERT INTO `lzh_member_moneylog` VALUES ('41','10','32','19.80','9919.80','0.00','0.00','0.00','线下充值奖励','1402715904','192.168.0.110','0','@网站管理员@');/* DBReback Separation */
 /* 插入数据 `lzh_member_moneylog` */
 INSERT INTO `lzh_member_moneylog` VALUES ('42','9','7','1000000000.00','1000000000.00','0.00','0.00','0.00','zengjia','1402715910','192.168.0.107','0','@网站管理员@');/* DBReback Separation */
 /* 插入数据 `lzh_member_moneylog` */
 INSERT INTO `lzh_member_moneylog` VALUES ('43','9','6','-9900.00','999990100.00','0.00','0.00','9900.00','对2号标进行投标','1402715976','192.168.0.107','7','aixiaochuang');/* DBReback Separation */
 /* 插入数据 `lzh_member_moneylog` */
 INSERT INTO `lzh_member_moneylog` VALUES ('44','9','37','-9000.00','999981100.00','0.00','0.00','18900.00','对2号企业直投进行了投标','1402716044','192.168.0.107','2','ggggwfn11');/* DBReback Separation */
 /* 插入数据 `lzh_member_moneylog` */
 INSERT INTO `lzh_member_moneylog` VALUES ('45','2','17','9000.00','10956.99','0.00','0.00','0.00','第2号企业直投已被认购9000元，9000元已入帐','1402716044','192.168.0.107','0','@网站管理员@');/* DBReback Separation */
 /* 插入数据 `lzh_member_moneylog` */
 INSERT INTO `lzh_member_moneylog` VALUES ('46','2','18','-10.00','10946.99','0.00','0.00','0.00','第2号企业直投被认购完毕，扣除借款管理费10.00元','1402716044','192.168.0.107','0','@网站管理员@');/* DBReback Separation */
 /* 插入数据 `lzh_member_moneylog` */
 INSERT INTO `lzh_member_moneylog` VALUES ('47','9','39','9000.00','999981100.00','0.00','9000.00','9900.00','您对第2号企业直投投标成功，冻结本金成为待收金额','1402716045','192.168.0.107','2','ggggwfn11');/* DBReback Separation */
 /* 插入数据 `lzh_member_moneylog` */
 INSERT INTO `lzh_member_moneylog` VALUES ('48','9','38','675.00','999981100.00','0.00','9675.00','9900.00','第2号企业直投应收利息成为待收利息','1402716045','192.168.0.107','2','ggggwfn11');/* DBReback Separation */
 /* 插入数据 `lzh_member_moneylog` */
 INSERT INTO `lzh_member_moneylog` VALUES ('49','9','41','27.00','999981127.00','0.00','9675.00','9900.00','第2号企业直投认购成功，获取投标奖励','1402716045','192.168.0.107','2','ggggwfn11');/* DBReback Separation */
 /* 插入数据 `lzh_member_moneylog` */
 INSERT INTO `lzh_member_moneylog` VALUES ('50','2','42','-27.00','10919.99','0.00','0.00','0.00','第2号企业直投已被认购，支付投标奖励','1402716045','192.168.0.107','9','anshiquanshu');/* DBReback Separation */
 /* 插入数据 `lzh_member_moneylog` */
 INSERT INTO `lzh_member_moneylog` VALUES ('51','1','6','-100.00','369297.01','0.00','2093.35','90300.00','对5号标进行投标','1402716113','192.168.0.109','4','hzwd');/* DBReback Separation */
 /* 插入数据 `lzh_member_moneylog` */
 INSERT INTO `lzh_member_moneylog` VALUES ('52','9','37','-1000.00','999980127.00','0.00','9675.00','10900.00','对4号企业直投进行了投标','1402716140','192.168.0.107','2','ggggwfn11');/* DBReback Separation */
 /* 插入数据 `lzh_member_moneylog` */
 INSERT INTO `lzh_member_moneylog` VALUES ('53','2','17','1000.00','11919.99','0.00','0.00','0.00','第4号企业直投已被认购1000元，1000元已入帐','1402716140','192.168.0.107','0','@网站管理员@');/* DBReback Separation */
 /* 插入数据 `lzh_member_moneylog` */
 INSERT INTO `lzh_member_moneylog` VALUES ('54','2','18','-50.00','11869.99','0.00','0.00','0.00','第4号企业直投被认购完毕，扣除借款管理费50.00元','1402716140','192.168.0.107','0','@网站管理员@');/* DBReback Separation */
 /* 插入数据 `lzh_member_moneylog` */
 INSERT INTO `lzh_member_moneylog` VALUES ('55','9','39','1000.00','999980127.00','0.00','10675.00','9900.00','您对第4号企业直投投标成功，冻结本金成为待收金额','1402716140','192.168.0.107','2','ggggwfn11');/* DBReback Separation */
 /* 插入数据 `lzh_member_moneylog` */
 INSERT INTO `lzh_member_moneylog` VALUES ('56','9','38','202.50','999980127.00','0.00','10877.50','9900.00','第4号企业直投应收利息成为待收利息','1402716140','192.168.0.107','2','ggggwfn11');/* DBReback Separation */
 /* 插入数据 `lzh_member_moneylog` */
 INSERT INTO `lzh_member_moneylog` VALUES ('57','10','6','-9250.00','669.80','0.00','0.00','9250.00','对3号标进行投标','1402716206','192.168.0.110','5','lvmaque');/* DBReback Separation */
 /* 插入数据 `lzh_member_moneylog` */
 INSERT INTO `lzh_member_moneylog` VALUES ('58','10','6','-650.00','19.80','0.00','0.00','9900.00','对3号标进行投标','1402716248','192.168.0.110','5','lvmaque');/* DBReback Separation */
 /* 插入数据 `lzh_member_moneylog` */
 INSERT INTO `lzh_member_moneylog` VALUES ('59','3','37','-1000.00','999000.00','0.00','0.00','1000.00','对1号企业直投进行了投标','1402716273','192.168.0.135','2','ggggwfn11');/* DBReback Separation */
 /* 插入数据 `lzh_member_moneylog` */
 INSERT INTO `lzh_member_moneylog` VALUES ('60','2','17','1000.00','12869.99','0.00','0.00','0.00','第1号企业直投已被认购1000元，1000元已入帐','1402716273','192.168.0.135','0','@网站管理员@');/* DBReback Separation */
 /* 插入数据 `lzh_member_moneylog` */
 INSERT INTO `lzh_member_moneylog` VALUES ('61','3','39','1000.00','999000.00','0.00','1000.00','0.00','您对第1号企业直投投标成功，冻结本金成为待收金额','1402716273','192.168.0.135','2','ggggwfn11');/* DBReback Separation */
 /* 插入数据 `lzh_member_moneylog` */
 INSERT INTO `lzh_member_moneylog` VALUES ('62','3','38','7.50','999000.00','0.00','1007.50','0.00','第1号企业直投应收利息成为待收利息','1402716273','192.168.0.135','2','ggggwfn11');/* DBReback Separation */
 /* 插入数据 `lzh_member_moneylog` */
 INSERT INTO `lzh_member_moneylog` VALUES ('63','9','37','-1000.00','999979127.00','0.00','10877.50','10900.00','对1号企业直投进行了投标','1402716291','192.168.0.107','2','ggggwfn11');/* DBReback Separation */
 /* 插入数据 `lzh_member_moneylog` */
 INSERT INTO `lzh_member_moneylog` VALUES ('64','2','17','1000.00','13869.99','0.00','0.00','0.00','第1号企业直投已被认购1000元，1000元已入帐','1402716291','192.168.0.107','0','@网站管理员@');/* DBReback Separation */
 /* 插入数据 `lzh_member_moneylog` */
 INSERT INTO `lzh_member_moneylog` VALUES ('65','9','39','1000.00','999979127.00','0.00','11877.50','9900.00','您对第1号企业直投投标成功，冻结本金成为待收金额','1402716292','192.168.0.107','2','ggggwfn11');/* DBReback Separation */
 /* 插入数据 `lzh_member_moneylog` */
 INSERT INTO `lzh_member_moneylog` VALUES ('66','9','38','7.50','999979127.00','0.00','11885.00','9900.00','第1号企业直投应收利息成为待收利息','1402716292','192.168.0.107','2','ggggwfn11');/* DBReback Separation */
 /* 插入数据 `lzh_member_moneylog` */
 INSERT INTO `lzh_member_moneylog` VALUES ('67','7','17','100000.00','100000.00','0.00','0.00','0.00','第2号标复审通过，借款金额入帐','1402716301','192.168.0.110','0','@网站管理员@');/* DBReback Separation */
 /* 插入数据 `lzh_member_moneylog` */
 INSERT INTO `lzh_member_moneylog` VALUES ('68','7','18','-300.00','99700.00','0.00','0.00','0.00','第2号标借款成功，扣除借款管理费','1402716301','192.168.0.110','0','@网站管理员@');/* DBReback Separation */
 /* 插入数据 `lzh_member_moneylog` */
 INSERT INTO `lzh_member_moneylog` VALUES ('69','1','15','100.00','369297.01','0.00','2193.35','90200.00','第2号标复审通过，冻结本金成为待收金额','1402716301','192.168.0.110','7','aixiaochuang');/* DBReback Separation */
 /* 插入数据 `lzh_member_moneylog` */
 INSERT INTO `lzh_member_moneylog` VALUES ('70','1','28','0.18','369297.01','0.00','2193.53','90200.00','第2号标复审通过，应收利息成为待收利息','1402716301','192.168.0.110','7','aixiaochuang');/* DBReback Separation */
 /* 插入数据 `lzh_member_moneylog` */
 INSERT INTO `lzh_member_moneylog` VALUES ('71','1','15','90000.00','369297.01','0.00','92193.53','200.00','第2号标复审通过，冻结本金成为待收金额','1402716301','192.168.0.110','7','aixiaochuang');/* DBReback Separation */
 /* 插入数据 `lzh_member_moneylog` */
 INSERT INTO `lzh_member_moneylog` VALUES ('72','1','28','162.74','369297.01','0.00','92356.27','200.00','第2号标复审通过，应收利息成为待收利息','1402716301','192.168.0.110','7','aixiaochuang');/* DBReback Separation */
 /* 插入数据 `lzh_member_moneylog` */
 INSERT INTO `lzh_member_moneylog` VALUES ('73','9','15','9900.00','999979127.00','0.00','21785.00','0.00','第2号标复审通过，冻结本金成为待收金额','1402716301','192.168.0.110','7','aixiaochuang');/* DBReback Separation */
 /* 插入数据 `lzh_member_moneylog` */
 INSERT INTO `lzh_member_moneylog` VALUES ('74','9','28','17.90','999979127.00','0.00','21802.90','0.00','第2号标复审通过，应收利息成为待收利息','1402716301','192.168.0.110','7','aixiaochuang');/* DBReback Separation */
 /* 插入数据 `lzh_member_moneylog` */
 INSERT INTO `lzh_member_moneylog` VALUES ('75','9','37','-1000.00','999978127.00','0.00','21802.90','1000.00','对1号企业直投进行了投标','1402716309','192.168.0.107','2','ggggwfn11');/* DBReback Separation */
 /* 插入数据 `lzh_member_moneylog` */
 INSERT INTO `lzh_member_moneylog` VALUES ('76','2','17','1000.00','14869.99','0.00','0.00','0.00','第1号企业直投已被认购1000元，1000元已入帐','1402716309','192.168.0.107','0','@网站管理员@');/* DBReback Separation */
 /* 插入数据 `lzh_member_moneylog` */
 INSERT INTO `lzh_member_moneylog` VALUES ('77','9','39','1000.00','999978127.00','0.00','22802.90','0.00','您对第1号企业直投投标成功，冻结本金成为待收金额','1402716309','192.168.0.107','2','ggggwfn11');/* DBReback Separation */
 /* 插入数据 `lzh_member_moneylog` */
 INSERT INTO `lzh_member_moneylog` VALUES ('78','9','38','7.50','999978127.00','0.00','22810.40','0.00','第1号企业直投应收利息成为待收利息','1402716309','192.168.0.107','2','ggggwfn11');/* DBReback Separation */
 /* 插入数据 `lzh_member_moneylog` */
 INSERT INTO `lzh_member_moneylog` VALUES ('79','9','37','-1000.00','999977127.00','0.00','22810.40','1000.00','对5号企业直投进行了投标','1402716402','192.168.0.107','2','ggggwfn11');/* DBReback Separation */
 /* 插入数据 `lzh_member_moneylog` */
 INSERT INTO `lzh_member_moneylog` VALUES ('80','2','17','1000.00','15869.99','0.00','0.00','0.00','第5号企业直投已被认购1000元，1000元已入帐','1402716402','192.168.0.107','0','@网站管理员@');/* DBReback Separation */
 /* 插入数据 `lzh_member_moneylog` */
 INSERT INTO `lzh_member_moneylog` VALUES ('81','9','39','1000.00','999977127.00','0.00','23810.40','0.00','您对第5号企业直投投标成功，冻结本金成为待收金额','1402716402','192.168.0.107','2','ggggwfn11');/* DBReback Separation */
 /* 插入数据 `lzh_member_moneylog` */
 INSERT INTO `lzh_member_moneylog` VALUES ('82','9','38','9.00','999977127.00','0.00','23819.40','0.00','第5号企业直投应收利息成为待收利息','1402716402','192.168.0.107','2','ggggwfn11');/* DBReback Separation */
 /* 插入数据 `lzh_member_moneylog` */
 INSERT INTO `lzh_member_moneylog` VALUES ('83','9','41','100.00','999977227.00','0.00','23819.40','0.00','第5号企业直投认购成功，获取投标奖励','1402716402','192.168.0.107','2','ggggwfn11');/* DBReback Separation */
 /* 插入数据 `lzh_member_moneylog` */
 INSERT INTO `lzh_member_moneylog` VALUES ('84','2','42','-100.00','15769.99','0.00','0.00','0.00','第5号企业直投已被认购，支付投标奖励','1402716402','192.168.0.107','9','anshiquanshu');/* DBReback Separation */
 /* 插入数据 `lzh_member_moneylog` */
 INSERT INTO `lzh_member_moneylog` VALUES ('85','11','27','10000.00','10000.00','0.00','0.00','0.00','管理员手动审核充值','1402716538','192.168.0.139','0','@网站管理员@');/* DBReback Separation */
 /* 插入数据 `lzh_member_moneylog` */
 INSERT INTO `lzh_member_moneylog` VALUES ('86','11','32','20.00','10020.00','0.00','0.00','0.00','线下充值奖励','1402716538','192.168.0.139','0','@网站管理员@');/* DBReback Separation */
 /* 插入数据 `lzh_member_moneylog` */
 INSERT INTO `lzh_member_moneylog` VALUES ('87','8','37','-2000.00','198600.00','0.00','0.00','2000.00','对1号企业直投进行了投标','1402716554','192.168.0.119','2','ggggwfn11');/* DBReback Separation */
 /* 插入数据 `lzh_member_moneylog` */
 INSERT INTO `lzh_member_moneylog` VALUES ('88','2','17','2000.00','17769.99','0.00','0.00','0.00','第1号企业直投已被认购2000元，2000元已入帐','1402716554','192.168.0.119','0','@网站管理员@');/* DBReback Separation */
 /* 插入数据 `lzh_member_moneylog` */
 INSERT INTO `lzh_member_moneylog` VALUES ('89','8','39','2000.00','198600.00','0.00','2000.00','0.00','您对第1号企业直投投标成功，冻结本金成为待收金额','1402716554','192.168.0.119','2','ggggwfn11');/* DBReback Separation */
 /* 插入数据 `lzh_member_moneylog` */
 INSERT INTO `lzh_member_moneylog` VALUES ('90','8','38','15.00','198600.00','0.00','2015.00','0.00','第1号企业直投应收利息成为待收利息','1402716554','192.168.0.119','2','ggggwfn11');/* DBReback Separation */
 /* 插入数据 `lzh_member_moneylog` */
 INSERT INTO `lzh_member_moneylog` VALUES ('91','8','6','-10000.00','188600.00','0.00','2015.00','10000.00','对6号标进行投标','1402716626','192.168.0.119','3','11111111');/* DBReback Separation */
 /* 插入数据 `lzh_member_moneylog` */
 INSERT INTO `lzh_member_moneylog` VALUES ('92','8','37','-5000.00','183600.00','0.00','2015.00','15000.00','对5号企业直投进行了投标','1402716707','192.168.0.119','2','ggggwfn11');/* DBReback Separation */
 /* 插入数据 `lzh_member_moneylog` */
 INSERT INTO `lzh_member_moneylog` VALUES ('93','2','17','5000.00','22769.99','0.00','0.00','0.00','第5号企业直投已被认购5000元，5000元已入帐','1402716708','192.168.0.119','0','@网站管理员@');/* DBReback Separation */
 /* 插入数据 `lzh_member_moneylog` */
 INSERT INTO `lzh_member_moneylog` VALUES ('94','8','39','5000.00','183600.00','0.00','7015.00','10000.00','您对第5号企业直投投标成功，冻结本金成为待收金额','1402716708','192.168.0.119','2','ggggwfn11');/* DBReback Separation */
 /* 插入数据 `lzh_member_moneylog` */
 INSERT INTO `lzh_member_moneylog` VALUES ('95','8','38','45.00','183600.00','0.00','7060.00','10000.00','第5号企业直投应收利息成为待收利息','1402716708','192.168.0.119','2','ggggwfn11');/* DBReback Separation */
 /* 插入数据 `lzh_member_moneylog` */
 INSERT INTO `lzh_member_moneylog` VALUES ('96','8','41','500.00','184100.00','0.00','7060.00','10000.00','第5号企业直投认购成功，获取投标奖励','1402716708','192.168.0.119','2','ggggwfn11');/* DBReback Separation */
 /* 插入数据 `lzh_member_moneylog` */
 INSERT INTO `lzh_member_moneylog` VALUES ('97','2','42','-500.00','22269.99','0.00','0.00','0.00','第5号企业直投已被认购，支付投标奖励','1402716708','192.168.0.119','8','邓晨');/* DBReback Separation */
 /* 插入数据 `lzh_member_moneylog` */
 INSERT INTO `lzh_member_moneylog` VALUES ('98','10','27','452543245.00','452543264.80','0.00','0.00','9900.00','管理员手动审核充值','1402716764','192.168.0.110','0','@网站管理员@');/* DBReback Separation */
 /* 插入数据 `lzh_member_moneylog` */
 INSERT INTO `lzh_member_moneylog` VALUES ('99','10','32','1357629.74','453900894.54','0.00','0.00','9900.00','线下充值奖励','1402716764','192.168.0.110','0','@网站管理员@');/* DBReback Separation */
 /* 插入数据 `lzh_member_moneylog` */
 INSERT INTO `lzh_member_moneylog` VALUES ('100','10','37','-1000.00','453899894.54','0.00','0.00','10900.00','对9号企业直投进行了投标','1402716832','192.168.0.110','5','lvmaque');/* DBReback Separation */
 /* 插入数据 `lzh_member_moneylog` */
 INSERT INTO `lzh_member_moneylog` VALUES ('101','5','17','1000.00','100301000.00','0.00','0.00','0.00','第9号企业直投已被认购1000元，1000元已入帐','1402716832','192.168.0.110','0','@网站管理员@');/* DBReback Separation */
 /* 插入数据 `lzh_member_moneylog` */
 INSERT INTO `lzh_member_moneylog` VALUES ('102','10','39','1000.00','453899894.54','0.00','1000.00','9900.00','您对第9号企业直投投标成功，冻结本金成为待收金额','1402716832','192.168.0.110','5','lvmaque');/* DBReback Separation */
 /* 插入数据 `lzh_member_moneylog` */
 INSERT INTO `lzh_member_moneylog` VALUES ('103','10','38','7.50','453899894.54','0.00','1007.50','9900.00','第9号企业直投应收利息成为待收利息','1402716832','192.168.0.110','5','lvmaque');/* DBReback Separation */
 /* 插入数据 `lzh_member_moneylog` */
 INSERT INTO `lzh_member_moneylog` VALUES ('104','10','37','-9000.00','453890894.54','0.00','1007.50','18900.00','对9号企业直投进行了投标','1402716864','192.168.0.110','5','lvmaque');/* DBReback Separation */
 /* 插入数据 `lzh_member_moneylog` */
 INSERT INTO `lzh_member_moneylog` VALUES ('105','5','17','9000.00','100310000.00','0.00','0.00','0.00','第9号企业直投已被认购9000元，9000元已入帐','1402716864','192.168.0.110','0','@网站管理员@');/* DBReback Separation */
 /* 插入数据 `lzh_member_moneylog` */
 INSERT INTO `lzh_member_moneylog` VALUES ('106','10','39','9000.00','453890894.54','0.00','10007.50','9900.00','您对第9号企业直投投标成功，冻结本金成为待收金额','1402716864','192.168.0.110','5','lvmaque');/* DBReback Separation */
 /* 插入数据 `lzh_member_moneylog` */
 INSERT INTO `lzh_member_moneylog` VALUES ('107','10','38','67.50','453890894.54','0.00','10075.00','9900.00','第9号企业直投应收利息成为待收利息','1402716864','192.168.0.110','5','lvmaque');/* DBReback Separation */
 /* 插入数据 `lzh_member_moneylog` */
 INSERT INTO `lzh_member_moneylog` VALUES ('108','11','37','-1000.00','9020.00','0.00','0.00','1000.00','对1号企业直投进行了投标','1402717031','192.168.0.139','2','ggggwfn11');/* DBReback Separation */
 /* 插入数据 `lzh_member_moneylog` */
 INSERT INTO `lzh_member_moneylog` VALUES ('109','2','17','1000.00','23269.99','0.00','0.00','0.00','第1号企业直投已被认购1000元，1000元已入帐','1402717031','192.168.0.139','0','@网站管理员@');/* DBReback Separation */
 /* 插入数据 `lzh_member_moneylog` */
 INSERT INTO `lzh_member_moneylog` VALUES ('110','11','39','1000.00','9020.00','0.00','1000.00','0.00','您对第1号企业直投投标成功，冻结本金成为待收金额','1402717031','192.168.0.139','2','ggggwfn11');/* DBReback Separation */
 /* 插入数据 `lzh_member_moneylog` */
 INSERT INTO `lzh_member_moneylog` VALUES ('111','11','38','7.50','9020.00','0.00','1007.50','0.00','第1号企业直投应收利息成为待收利息','1402717031','192.168.0.139','2','ggggwfn11');/* DBReback Separation */
 /* 插入数据 `lzh_member_moneylog` */
 INSERT INTO `lzh_member_moneylog` VALUES ('112','11','37','-1000.00','8020.00','0.00','1007.50','1000.00','对7号企业直投进行了投标','1402717089','192.168.0.139','6','2297633190');/* DBReback Separation */
 /* 插入数据 `lzh_member_moneylog` */
 INSERT INTO `lzh_member_moneylog` VALUES ('113','6','17','1000.00','100011000.00','0.00','2000.00','1010.00','第7号企业直投已被认购1000元，1000元已入帐','1402717089','192.168.0.139','0','@网站管理员@');/* DBReback Separation */
 /* 插入数据 `lzh_member_moneylog` */
 INSERT INTO `lzh_member_moneylog` VALUES ('114','6','18','-10.00','100010990.00','0.00','2000.00','1010.00','第7号企业直投被认购完毕，扣除借款管理费10.00元','1402717089','192.168.0.139','0','@网站管理员@');/* DBReback Separation */
 /* 插入数据 `lzh_member_moneylog` */
 INSERT INTO `lzh_member_moneylog` VALUES ('115','11','39','1000.00','8020.00','0.00','2007.50','0.00','您对第7号企业直投投标成功，冻结本金成为待收金额','1402717090','192.168.0.139','6','2297633190');/* DBReback Separation */
 /* 插入数据 `lzh_member_moneylog` */
 INSERT INTO `lzh_member_moneylog` VALUES ('116','11','38','198.00','8020.00','0.00','2205.50','0.00','第7号企业直投应收利息成为待收利息','1402717090','192.168.0.139','6','2297633190');/* DBReback Separation */
 /* 插入数据 `lzh_member_moneylog` */
 INSERT INTO `lzh_member_moneylog` VALUES ('117','11','41','10.00','8030.00','0.00','2205.50','0.00','第7号企业直投认购成功，获取投标奖励','1402717090','192.168.0.139','6','2297633190');/* DBReback Separation */
 /* 插入数据 `lzh_member_moneylog` */
 INSERT INTO `lzh_member_moneylog` VALUES ('118','6','42','-10.00','100010980.00','0.00','2000.00','1010.00','第7号企业直投已被认购，支付投标奖励','1402717090','192.168.0.139','11','tsqy');/* DBReback Separation */
 /* 插入数据 `lzh_member_moneylog` */
 INSERT INTO `lzh_member_moneylog` VALUES ('119','9','27','28000.00','1000005227.00','0.00','23819.40','0.00','管理员手动审核充值','1402717280','192.168.0.107','0','@网站管理员@');/* DBReback Separation */
 /* 插入数据 `lzh_member_moneylog` */
 INSERT INTO `lzh_member_moneylog` VALUES ('120','9','27','28000.00','1000033227.00','0.00','23819.40','0.00','管理员手动审核充值','1402717284','192.168.0.107','0','@网站管理员@');/* DBReback Separation */
 /* 插入数据 `lzh_member_moneylog` */
 INSERT INTO `lzh_member_moneylog` VALUES ('121','9','27','28000.00','1000061227.00','0.00','23819.40','0.00','管理员手动审核充值','1402717289','192.168.0.107','0','@网站管理员@');/* DBReback Separation */
 /* 插入数据 `lzh_member_moneylog` */
 INSERT INTO `lzh_member_moneylog` VALUES ('122','9','27','5555.00','1000066782.00','0.00','23819.40','0.00','管理员手动审核充值','1402717296','192.168.0.107','0','@网站管理员@');/* DBReback Separation */
 /* 插入数据 `lzh_member_moneylog` */
 INSERT INTO `lzh_member_moneylog` VALUES ('123','9','27','50.00','1000066832.00','0.00','23819.40','0.00','管理员手动审核充值','1402717302','192.168.0.107','0','@网站管理员@');/* DBReback Separation */
 /* 插入数据 `lzh_member_moneylog` */
 INSERT INTO `lzh_member_moneylog` VALUES ('124','9','27','50.00','1000066882.00','0.00','23819.40','0.00','管理员手动审核充值','1402717306','192.168.0.107','0','@网站管理员@');/* DBReback Separation */
 /* 插入数据 `lzh_member_moneylog` */
 INSERT INTO `lzh_member_moneylog` VALUES ('125','9','27','50.00','1000066932.00','0.00','23819.40','0.00','管理员手动审核充值','1402717309','192.168.0.107','0','@网站管理员@');/* DBReback Separation */
 /* 插入数据 `lzh_member_moneylog` */
 INSERT INTO `lzh_member_moneylog` VALUES ('126','2','27','500.00','23769.99','0.00','0.00','0.00','管理员手动审核充值','1402717313','192.168.0.107','0','@网站管理员@');/* DBReback Separation */
 /* 插入数据 `lzh_member_moneylog` */
 INSERT INTO `lzh_member_moneylog` VALUES ('127','1','27','100.00','369397.01','0.00','92356.27','200.00','管理员手动审核充值','1402717318','192.168.0.107','0','@网站管理员@');/* DBReback Separation */
 /* 插入数据 `lzh_member_moneylog` */
 INSERT INTO `lzh_member_moneylog` VALUES ('128','1','27','100.00','369497.01','0.00','92356.27','200.00','管理员手动审核充值','1402717322','192.168.0.107','0','@网站管理员@');/* DBReback Separation */
 /* 插入数据 `lzh_member_moneylog` */
 INSERT INTO `lzh_member_moneylog` VALUES ('129','11','6','-100.00','7930.00','0.00','2205.50','100.00','对1号标进行投标','1402717343','192.168.0.139','1','gxw110');/* DBReback Separation */
 /* 插入数据 `lzh_member_moneylog` */
 INSERT INTO `lzh_member_moneylog` VALUES ('130','6','6','-10000.00','100000980.00','0.00','2000.00','11010.00','对6号标进行投标','1402717452','192.168.0.100','3','11111111');/* DBReback Separation */
 /* 插入数据 `lzh_member_moneylog` */
 INSERT INTO `lzh_member_moneylog` VALUES ('131','6','6','-79900.00','99921080.00','0.00','2000.00','90910.00','对5号标进行投标','1402717506','192.168.0.100','4','hzwd');/* DBReback Separation */
 /* 插入数据 `lzh_member_moneylog` */
 INSERT INTO `lzh_member_moneylog` VALUES ('132','6','6','-400.00','99920680.00','0.00','2000.00','91310.00','对1号标进行投标','1402717541','192.168.0.100','1','gxw110');/* DBReback Separation */
 /* 插入数据 `lzh_member_moneylog` */
 INSERT INTO `lzh_member_moneylog` VALUES ('133','9','27','10.00','1000066942.00','0.00','23819.40','0.00','管理员手动审核充值','1402717562','192.168.0.107','0','@网站管理员@');/* DBReback Separation */
 /* 插入数据 `lzh_member_moneylog` */
 INSERT INTO `lzh_member_moneylog` VALUES ('134','9','27','12.00','1000066954.00','0.00','23819.40','0.00','管理员手动审核充值','1402717566','192.168.0.107','0','@网站管理员@');/* DBReback Separation */
 /* 插入数据 `lzh_member_moneylog` */
 INSERT INTO `lzh_member_moneylog` VALUES ('135','9','27','1800.00','1000068754.00','0.00','23819.40','0.00','管理员手动审核充值','1402717569','192.168.0.107','0','@网站管理员@');/* DBReback Separation */
 /* 插入数据 `lzh_member_moneylog` */
 INSERT INTO `lzh_member_moneylog` VALUES ('136','9','27','1900.00','1000070654.00','0.00','23819.40','0.00','管理员手动审核充值','1402717573','192.168.0.107','0','@网站管理员@');/* DBReback Separation */
 /* 插入数据 `lzh_member_moneylog` */
 INSERT INTO `lzh_member_moneylog` VALUES ('137','9','27','1.00','1000070655.00','0.00','23819.40','0.00','管理员手动审核充值','1402717576','192.168.0.107','0','@网站管理员@');/* DBReback Separation */
 /* 插入数据 `lzh_member_moneylog` */
 INSERT INTO `lzh_member_moneylog` VALUES ('138','2','27','121.00','23890.99','0.00','0.00','0.00','管理员手动审核充值','1402717580','192.168.0.107','0','@网站管理员@');/* DBReback Separation */
 /* 插入数据 `lzh_member_moneylog` */
 INSERT INTO `lzh_member_moneylog` VALUES ('139','2','27','500.00','24390.99','0.00','0.00','0.00','管理员手动审核充值','1402717583','192.168.0.107','0','@网站管理员@');/* DBReback Separation */
 /* 插入数据 `lzh_member_moneylog` */
 INSERT INTO `lzh_member_moneylog` VALUES ('140','2','27','1000.00','25390.99','0.00','0.00','0.00','管理员手动审核充值','1402717587','192.168.0.107','0','@网站管理员@');/* DBReback Separation */
 /* 插入数据 `lzh_member_moneylog` */
 INSERT INTO `lzh_member_moneylog` VALUES ('141','3','27','100000000.00','100999000.00','0.00','1007.50','0.00','管理员手动审核充值','1402717593','192.168.0.107','0','@网站管理员@');/* DBReback Separation */
 /* 插入数据 `lzh_member_moneylog` */
 INSERT INTO `lzh_member_moneylog` VALUES ('142','3','32','300000.00','101299000.00','0.00','1007.50','0.00','线下充值奖励','1402717593','192.168.0.107','0','@网站管理员@');/* DBReback Separation */
 /* 插入数据 `lzh_member_moneylog` */
 INSERT INTO `lzh_member_moneylog` VALUES ('143','10','27','747.00','453891641.54','0.00','10075.00','9900.00','管理员手动审核充值','1402717596','192.168.0.107','0','@网站管理员@');/* DBReback Separation */
 /* 插入数据 `lzh_member_moneylog` */
 INSERT INTO `lzh_member_moneylog` VALUES ('144','6','37','-1000000.00','98920680.00','0.00','2000.00','1091310.00','对6号企业直投进行了投标','1402717659','192.168.0.100','3','11111111');/* DBReback Separation */
 /* 插入数据 `lzh_member_moneylog` */
 INSERT INTO `lzh_member_moneylog` VALUES ('145','3','17','1000000.00','102299000.00','0.00','1007.50','0.00','第6号企业直投已被认购1000000元，1000000元已入帐','1402717659','192.168.0.100','0','@网站管理员@');/* DBReback Separation */
 /* 插入数据 `lzh_member_moneylog` */
 INSERT INTO `lzh_member_moneylog` VALUES ('146','3','18','-5.00','102298995.00','0.00','1007.50','0.00','第6号企业直投被认购完毕，扣除借款管理费5.00元','1402717659','192.168.0.100','0','@网站管理员@');/* DBReback Separation */
 /* 插入数据 `lzh_member_moneylog` */
 INSERT INTO `lzh_member_moneylog` VALUES ('147','6','39','1000000.00','98920680.00','0.00','1002000.00','91310.00','您对第6号企业直投投标成功，冻结本金成为待收金额','1402717659','192.168.0.100','3','11111111');/* DBReback Separation */
 /* 插入数据 `lzh_member_moneylog` */
 INSERT INTO `lzh_member_moneylog` VALUES ('148','6','38','117000.00','98920680.00','0.00','1119000.00','91310.00','第6号企业直投应收利息成为待收利息','1402717659','192.168.0.100','3','11111111');/* DBReback Separation */
 /* 插入数据 `lzh_member_moneylog` */
 INSERT INTO `lzh_member_moneylog` VALUES ('149','6','41','100.00','98920780.00','0.00','1119000.00','91310.00','第6号企业直投认购成功，获取投标奖励','1402717659','192.168.0.100','3','11111111');/* DBReback Separation */
 /* 插入数据 `lzh_member_moneylog` */
 INSERT INTO `lzh_member_moneylog` VALUES ('150','3','42','-100.00','102298895.00','0.00','1007.50','0.00','第6号企业直投已被认购，支付投标奖励','1402717659','192.168.0.100','6','2297633190');/* DBReback Separation */
 /* 插入数据 `lzh_member_moneylog` */
 INSERT INTO `lzh_member_moneylog` VALUES ('151','9','27','50.00','1000070705.00','0.00','23819.40','0.00','管理员手动审核充值','1402717693','192.168.0.107','0','@网站管理员@');/* DBReback Separation */
 /* 插入数据 `lzh_member_moneylog` */
 INSERT INTO `lzh_member_moneylog` VALUES ('152','1','37','-1000.00','368497.01','0.00','92356.27','1200.00','对1号企业直投进行了投标','1402718063','192.168.0.109','2','ggggwfn11');/* DBReback Separation */
 /* 插入数据 `lzh_member_moneylog` */
 INSERT INTO `lzh_member_moneylog` VALUES ('153','2','17','1000.00','26390.99','0.00','0.00','0.00','第1号企业直投已被认购1000元，1000元已入帐','1402718063','192.168.0.109','0','@网站管理员@');/* DBReback Separation */
 /* 插入数据 `lzh_member_moneylog` */
 INSERT INTO `lzh_member_moneylog` VALUES ('154','1','39','1000.00','368497.01','0.00','93356.27','200.00','您对第1号企业直投投标成功，冻结本金成为待收金额','1402718063','192.168.0.109','2','ggggwfn11');/* DBReback Separation */
 /* 插入数据 `lzh_member_moneylog` */
 INSERT INTO `lzh_member_moneylog` VALUES ('155','1','38','7.50','368497.01','0.00','93363.77','200.00','第1号企业直投应收利息成为待收利息','1402718063','192.168.0.109','2','ggggwfn11');/* DBReback Separation */
 /* 插入数据 `lzh_member_moneylog` */
 INSERT INTO `lzh_member_moneylog` VALUES ('156','6','37','-10000.00','98910780.00','0.00','1119000.00','101310.00','对14号企业直投进行了投标','1402724101','192.168.0.100','5','lvmaque');/* DBReback Separation */
 /* 插入数据 `lzh_member_moneylog` */
 INSERT INTO `lzh_member_moneylog` VALUES ('157','5','17','10000.00','100320000.00','0.00','0.00','0.00','第14号企业直投已被认购10000元，10000元已入帐','1402724101','192.168.0.100','0','@网站管理员@');/* DBReback Separation */
 /* 插入数据 `lzh_member_moneylog` */
 INSERT INTO `lzh_member_moneylog` VALUES ('158','6','39','10000.00','98910780.00','0.00','1129000.00','91310.00','您对第14号企业直投投标成功，冻结本金成为待收金额','1402724101','192.168.0.100','5','lvmaque');/* DBReback Separation */
 /* 插入数据 `lzh_member_moneylog` */
 INSERT INTO `lzh_member_moneylog` VALUES ('159','6','38','112.50','98910780.00','0.00','1129112.50','91310.00','第14号企业直投应收利息成为待收利息','1402724101','192.168.0.100','5','lvmaque');/* DBReback Separation */
 /* 插入数据 `lzh_member_moneylog` */
 INSERT INTO `lzh_member_moneylog` VALUES ('160','6','41','100.00','98910880.00','0.00','1129112.50','91310.00','第14号企业直投认购成功，获取投标奖励','1402724101','192.168.0.100','5','lvmaque');/* DBReback Separation */
 /* 插入数据 `lzh_member_moneylog` */
 INSERT INTO `lzh_member_moneylog` VALUES ('161','5','42','-100.00','100319900.00','0.00','0.00','0.00','第14号企业直投已被认购，支付投标奖励','1402724101','192.168.0.100','6','2297633190');/* DBReback Separation */
 /* 插入数据 `lzh_member_moneylog` */
 INSERT INTO `lzh_member_moneylog` VALUES ('162','11','37','-1000.00','6930.00','0.00','2205.50','1100.00','对1号企业直投进行了投标','1402724229','192.168.0.139','2','ggggwfn11');/* DBReback Separation */
 /* 插入数据 `lzh_member_moneylog` */
 INSERT INTO `lzh_member_moneylog` VALUES ('163','2','17','1000.00','27390.99','0.00','0.00','0.00','第1号企业直投已被认购1000元，1000元已入帐','1402724229','192.168.0.139','0','@网站管理员@');/* DBReback Separation */
 /* 插入数据 `lzh_member_moneylog` */
 INSERT INTO `lzh_member_moneylog` VALUES ('164','11','39','1000.00','6930.00','0.00','3205.50','100.00','您对第1号企业直投投标成功，冻结本金成为待收金额','1402724229','192.168.0.139','2','ggggwfn11');/* DBReback Separation */
 /* 插入数据 `lzh_member_moneylog` */
 INSERT INTO `lzh_member_moneylog` VALUES ('165','11','38','7.50','6930.00','0.00','3213.00','100.00','第1号企业直投应收利息成为待收利息','1402724229','192.168.0.139','2','ggggwfn11');/* DBReback Separation */
 /* 插入数据 `lzh_member_moneylog` */
 INSERT INTO `lzh_member_moneylog` VALUES ('166','9','37','-10000.00','1000060705.00','0.00','23819.40','10000.00','对14号企业直投进行了投标','1402724309','192.168.0.107','5','lvmaque');/* DBReback Separation */
 /* 插入数据 `lzh_member_moneylog` */
 INSERT INTO `lzh_member_moneylog` VALUES ('167','5','17','10000.00','100329900.00','0.00','0.00','0.00','第14号企业直投已被认购10000元，10000元已入帐','1402724309','192.168.0.107','0','@网站管理员@');/* DBReback Separation */
 /* 插入数据 `lzh_member_moneylog` */
 INSERT INTO `lzh_member_moneylog` VALUES ('168','9','39','10000.00','1000060705.00','0.00','33819.40','0.00','您对第14号企业直投投标成功，冻结本金成为待收金额','1402724309','192.168.0.107','5','lvmaque');/* DBReback Separation */
 /* 插入数据 `lzh_member_moneylog` */
 INSERT INTO `lzh_member_moneylog` VALUES ('169','9','38','112.50','1000060705.00','0.00','33931.90','0.00','第14号企业直投应收利息成为待收利息','1402724309','192.168.0.107','5','lvmaque');/* DBReback Separation */
 /* 插入数据 `lzh_member_moneylog` */
 INSERT INTO `lzh_member_moneylog` VALUES ('170','9','41','100.00','1000060805.00','0.00','33931.90','0.00','第14号企业直投认购成功，获取投标奖励','1402724309','192.168.0.107','5','lvmaque');/* DBReback Separation */
 /* 插入数据 `lzh_member_moneylog` */
 INSERT INTO `lzh_member_moneylog` VALUES ('171','5','42','-100.00','100329800.00','0.00','0.00','0.00','第14号企业直投已被认购，支付投标奖励','1402724309','192.168.0.107','9','anshiquanshu');/* DBReback Separation */
 /* 插入数据 `lzh_member_moneylog` */
 INSERT INTO `lzh_member_moneylog` VALUES ('172','9','7','-1000040000.00','20805.00','0.00','33931.90','0.00','测试调整账户余额','1402725640','192.168.0.117','0','@网站管理员@');/* DBReback Separation */
 /* 插入数据 `lzh_member_moneylog` */
 INSERT INTO `lzh_member_moneylog` VALUES ('173','2','6','-200.00','27190.99','0.00','0.00','200.00','对6号标进行投标','1402726791','192.168.0.125','3','11111111');/* DBReback Separation */
 /* 插入数据 `lzh_member_moneylog` */
 INSERT INTO `lzh_member_moneylog` VALUES ('174','2','37','-5000.00','22190.99','0.00','0.00','5200.00','对10号企业直投进行了投标','1402726822','192.168.0.125','4','hzwd');/* DBReback Separation */
 /* 插入数据 `lzh_member_moneylog` */
 INSERT INTO `lzh_member_moneylog` VALUES ('175','4','17','5000.00','805000.00','0.00','0.00','1000.00','第10号企业直投已被认购5000元，5000元已入帐','1402726822','192.168.0.125','0','@网站管理员@');/* DBReback Separation */
 /* 插入数据 `lzh_member_moneylog` */
 INSERT INTO `lzh_member_moneylog` VALUES ('176','4','18','-300.00','804700.00','0.00','0.00','1000.00','第10号企业直投被认购完毕，扣除借款管理费300.00元','1402726822','192.168.0.125','0','@网站管理员@');/* DBReback Separation */
 /* 插入数据 `lzh_member_moneylog` */
 INSERT INTO `lzh_member_moneylog` VALUES ('177','2','39','5000.00','22190.99','0.00','5000.00','200.00','您对第10号企业直投投标成功，冻结本金成为待收金额','1402726822','192.168.0.125','4','hzwd');/* DBReback Separation */
 /* 插入数据 `lzh_member_moneylog` */
 INSERT INTO `lzh_member_moneylog` VALUES ('178','2','38','150.83','22190.99','0.00','5150.83','200.00','第10号企业直投应收利息成为待收利息','1402726822','192.168.0.125','4','hzwd');/* DBReback Separation */
 /* 插入数据 `lzh_member_moneylog` */
 INSERT INTO `lzh_member_moneylog` VALUES ('179','2','41','1.50','22192.49','0.00','5150.83','200.00','第10号企业直投认购成功，获取投标奖励','1402726822','192.168.0.125','4','hzwd');/* DBReback Separation */
 /* 插入数据 `lzh_member_moneylog` */
 INSERT INTO `lzh_member_moneylog` VALUES ('180','4','42','-1.50','804698.50','0.00','0.00','1000.00','第10号企业直投已被认购，支付投标奖励','1402726822','192.168.0.125','2','ggggwfn11');/* DBReback Separation */
 /* 插入数据 `lzh_member_moneylog` */
 INSERT INTO `lzh_member_moneylog` VALUES ('181','2','37','-100.00','22092.49','0.00','5150.83','300.00','对13号企业直投进行了投标','1402726846','192.168.0.125','0','');/* DBReback Separation */
 /* 插入数据 `lzh_member_moneylog` */
 INSERT INTO `lzh_member_moneylog` VALUES ('182','0','17','100.00','100.00','0.00','0.00','0.00','第13号企业直投已被认购100元，100元已入帐','1402726846','192.168.0.125','0','@网站管理员@');/* DBReback Separation */
 /* 插入数据 `lzh_member_moneylog` */
 INSERT INTO `lzh_member_moneylog` VALUES ('183','2','39','100.00','22092.49','0.00','5250.83','200.00','您对第13号企业直投投标成功，冻结本金成为待收金额','1402726846','192.168.0.125','0','');/* DBReback Separation */
 /* 插入数据 `lzh_member_moneylog` */
 INSERT INTO `lzh_member_moneylog` VALUES ('184','2','38','2.70','22092.49','0.00','5253.53','200.00','第13号企业直投应收利息成为待收利息','1402726846','192.168.0.125','0','');/* DBReback Separation */
 /* 插入数据 `lzh_member_moneylog` */
 INSERT INTO `lzh_member_moneylog` VALUES ('185','2','7','1000000.00','1022092.49','0.00','5253.53','200.00','3232','1402726947','192.168.0.125','0','@网站管理员@');/* DBReback Separation */
 /* 插入数据 `lzh_member_moneylog` */
 INSERT INTO `lzh_member_moneylog` VALUES ('186','2','6','-79800.00','942292.49','0.00','5253.53','80000.00','对6号标进行投标','1402727002','192.168.0.125','3','11111111');/* DBReback Separation */
 /* 插入数据 `lzh_member_moneylog` */
 INSERT INTO `lzh_member_moneylog` VALUES ('187','3','17','100000.00','102398895.00','0.00','1007.50','0.00','第6号标复审通过，借款金额入帐','1402727016','192.168.0.125','0','@网站管理员@');/* DBReback Separation */
 /* 插入数据 `lzh_member_moneylog` */
 INSERT INTO `lzh_member_moneylog` VALUES ('188','3','18','-6000.00','102392895.00','0.00','1007.50','0.00','第6号标借款成功，扣除借款管理费','1402727016','192.168.0.125','0','@网站管理员@');/* DBReback Separation */
 /* 插入数据 `lzh_member_moneylog` */
 INSERT INTO `lzh_member_moneylog` VALUES ('189','2','15','200.00','942292.49','0.00','5453.53','79800.00','第6号标复审通过，冻结本金成为待收金额','1402727016','192.168.0.125','3','11111111');/* DBReback Separation */
 /* 插入数据 `lzh_member_moneylog` */
 INSERT INTO `lzh_member_moneylog` VALUES ('190','2','28','5.49','942292.49','0.00','5459.02','79800.00','第6号标复审通过，应收利息成为待收利息','1402727016','192.168.0.125','3','11111111');/* DBReback Separation */
 /* 插入数据 `lzh_member_moneylog` */
 INSERT INTO `lzh_member_moneylog` VALUES ('191','2','15','79800.00','942292.49','0.00','85259.02','0.00','第6号标复审通过，冻结本金成为待收金额','1402727016','192.168.0.125','3','11111111');/* DBReback Separation */
 /* 插入数据 `lzh_member_moneylog` */
 INSERT INTO `lzh_member_moneylog` VALUES ('192','2','28','2194.50','942292.49','0.00','87453.52','0.00','第6号标复审通过，应收利息成为待收利息','1402727016','192.168.0.125','3','11111111');/* DBReback Separation */
 /* 插入数据 `lzh_member_moneylog` */
 INSERT INTO `lzh_member_moneylog` VALUES ('193','6','15','10000.00','98910880.00','0.00','1139112.50','81310.00','第6号标复审通过，冻结本金成为待收金额','1402727016','192.168.0.125','3','11111111');/* DBReback Separation */
 /* 插入数据 `lzh_member_moneylog` */
 INSERT INTO `lzh_member_moneylog` VALUES ('194','6','28','275.01','98910880.00','0.00','1139387.51','81310.00','第6号标复审通过，应收利息成为待收利息','1402727016','192.168.0.125','3','11111111');/* DBReback Separation */
 /* 插入数据 `lzh_member_moneylog` */
 INSERT INTO `lzh_member_moneylog` VALUES ('195','8','15','10000.00','184100.00','0.00','17060.00','0.00','第6号标复审通过，冻结本金成为待收金额','1402727016','192.168.0.125','3','11111111');/* DBReback Separation */
 /* 插入数据 `lzh_member_moneylog` */
 INSERT INTO `lzh_member_moneylog` VALUES ('196','8','28','275.01','184100.00','0.00','17335.01','0.00','第6号标复审通过，应收利息成为待收利息','1402727016','192.168.0.125','3','11111111');/* DBReback Separation */
 /* 插入数据 `lzh_member_moneylog` */
 INSERT INTO `lzh_member_moneylog` VALUES ('197','2','37','-9900.00','932392.49','0.00','87453.52','9900.00','对13号企业直投进行了投标','1402727943','192.168.0.125','0','');/* DBReback Separation */
 /* 插入数据 `lzh_member_moneylog` */
 INSERT INTO `lzh_member_moneylog` VALUES ('198','0','17','9900.00','10000.00','0.00','0.00','0.00','第13号企业直投已被认购9900元，9900元已入帐','1402727943','192.168.0.125','0','@网站管理员@');/* DBReback Separation */
 /* 插入数据 `lzh_member_moneylog` */
 INSERT INTO `lzh_member_moneylog` VALUES ('199','0','18','-10.00','9990.00','0.00','0.00','0.00','第13号企业直投被认购完毕，扣除借款管理费10.00元','1402727943','192.168.0.125','0','@网站管理员@');/* DBReback Separation */
 /* 插入数据 `lzh_member_moneylog` */
 INSERT INTO `lzh_member_moneylog` VALUES ('200','2','39','9900.00','932392.49','0.00','97353.52','0.00','您对第13号企业直投投标成功，冻结本金成为待收金额','1402727943','192.168.0.125','0','');/* DBReback Separation */
 /* 插入数据 `lzh_member_moneylog` */
 INSERT INTO `lzh_member_moneylog` VALUES ('201','2','38','267.30','932392.49','0.00','97620.82','0.00','第13号企业直投应收利息成为待收利息','1402727943','192.168.0.125','0','');/* DBReback Separation */
 /* 插入数据 `lzh_member_moneylog` */
 INSERT INTO `lzh_member_moneylog` VALUES ('202','8','37','-4000.00','180100.00','0.00','17335.01','4000.00','对5号企业直投进行了投标','1402728897','192.168.0.119','2','ggggwfn11');/* DBReback Separation */
 /* 插入数据 `lzh_member_moneylog` */
 INSERT INTO `lzh_member_moneylog` VALUES ('203','2','17','4000.00','936392.49','0.00','97620.82','0.00','第5号企业直投已被认购4000元，4000元已入帐','1402728897','192.168.0.119','0','@网站管理员@');/* DBReback Separation */
 /* 插入数据 `lzh_member_moneylog` */
 INSERT INTO `lzh_member_moneylog` VALUES ('204','2','18','-1.00','936391.49','0.00','97620.82','0.00','第5号企业直投被认购完毕，扣除借款管理费1.00元','1402728897','192.168.0.119','0','@网站管理员@');/* DBReback Separation */
 /* 插入数据 `lzh_member_moneylog` */
 INSERT INTO `lzh_member_moneylog` VALUES ('205','8','39','4000.00','180100.00','0.00','21335.01','0.00','您对第5号企业直投投标成功，冻结本金成为待收金额','1402728897','192.168.0.119','2','ggggwfn11');/* DBReback Separation */
 /* 插入数据 `lzh_member_moneylog` */
 INSERT INTO `lzh_member_moneylog` VALUES ('206','8','38','36.00','180100.00','0.00','21371.01','0.00','第5号企业直投应收利息成为待收利息','1402728898','192.168.0.119','2','ggggwfn11');/* DBReback Separation */
 /* 插入数据 `lzh_member_moneylog` */
 INSERT INTO `lzh_member_moneylog` VALUES ('207','8','41','400.00','180500.00','0.00','21371.01','0.00','第5号企业直投认购成功，获取投标奖励','1402728898','192.168.0.119','2','ggggwfn11');/* DBReback Separation */
 /* 插入数据 `lzh_member_moneylog` */
 INSERT INTO `lzh_member_moneylog` VALUES ('208','2','42','-400.00','935991.49','0.00','97620.82','0.00','第5号企业直投已被认购，支付投标奖励','1402728898','192.168.0.119','8','邓晨');/* DBReback Separation */
 /* 插入数据 `lzh_member_moneylog` */
 INSERT INTO `lzh_member_moneylog` VALUES ('209','8','37','-100000.00','80500.00','0.00','21371.01','100000.00','对14号企业直投进行了投标','1402729238','192.168.0.119','5','lvmaque');/* DBReback Separation */
 /* 插入数据 `lzh_member_moneylog` */
 INSERT INTO `lzh_member_moneylog` VALUES ('210','5','17','100000.00','100429800.00','0.00','0.00','0.00','第14号企业直投已被认购100000元，100000元已入帐','1402729238','192.168.0.119','0','@网站管理员@');/* DBReback Separation */
 /* 插入数据 `lzh_member_moneylog` */
 INSERT INTO `lzh_member_moneylog` VALUES ('211','8','39','100000.00','80500.00','0.00','121371.01','0.00','您对第14号企业直投投标成功，冻结本金成为待收金额','1402729238','192.168.0.119','5','lvmaque');/* DBReback Separation */
 /* 插入数据 `lzh_member_moneylog` */
 INSERT INTO `lzh_member_moneylog` VALUES ('212','8','38','1125.00','80500.00','0.00','122496.01','0.00','第14号企业直投应收利息成为待收利息','1402729238','192.168.0.119','5','lvmaque');/* DBReback Separation */
 /* 插入数据 `lzh_member_moneylog` */
 INSERT INTO `lzh_member_moneylog` VALUES ('213','8','41','1000.00','81500.00','0.00','122496.01','0.00','第14号企业直投认购成功，获取投标奖励','1402729238','192.168.0.119','5','lvmaque');/* DBReback Separation */
 /* 插入数据 `lzh_member_moneylog` */
 INSERT INTO `lzh_member_moneylog` VALUES ('214','5','42','-1000.00','100428800.00','0.00','0.00','0.00','第14号企业直投已被认购，支付投标奖励','1402729238','192.168.0.119','8','邓晨');/* DBReback Separation */
 /* 插入数据 `lzh_member_moneylog` */
 INSERT INTO `lzh_member_moneylog` VALUES ('215','8','37','-1000.00','80500.00','0.00','122496.01','1000.00','对1号企业直投进行了投标','1402731178','192.168.0.119','2','ggggwfn11');/* DBReback Separation */
 /* 插入数据 `lzh_member_moneylog` */
 INSERT INTO `lzh_member_moneylog` VALUES ('216','2','17','1000.00','936991.49','0.00','97620.82','0.00','第1号企业直投已被认购1000元，1000元已入帐','1402731178','192.168.0.119','0','@网站管理员@');/* DBReback Separation */
 /* 插入数据 `lzh_member_moneylog` */
 INSERT INTO `lzh_member_moneylog` VALUES ('217','8','39','1000.00','80500.00','0.00','123496.01','0.00','您对第1号企业直投投标成功，冻结本金成为待收金额','1402731178','192.168.0.119','2','ggggwfn11');/* DBReback Separation */
 /* 插入数据 `lzh_member_moneylog` */
 INSERT INTO `lzh_member_moneylog` VALUES ('218','8','38','7.50','80500.00','0.00','123503.51','0.00','第1号企业直投应收利息成为待收利息','1402731178','192.168.0.119','2','ggggwfn11');/* DBReback Separation */
 /* 插入数据 `lzh_member_moneylog` */
 INSERT INTO `lzh_member_moneylog` VALUES ('219','13','3','70.00','70.00','0.00','0.00','0.00','充值订单号:20140620191548571534','1403262959','116.236.192.114','0','@网站管理员@');/* DBReback Separation */
 /* 插入数据 `lzh_member_moneylog` */
 INSERT INTO `lzh_member_moneylog` VALUES ('220','13','3','80.00','150.00','0.00','0.00','0.00','充值订单号:20140620191611310779','1403262979','116.236.192.114','0','@网站管理员@');/* DBReback Separation */
 /* 插入数据 `lzh_member_moneylog` */
 INSERT INTO `lzh_member_moneylog` VALUES ('221','13','3','100.00','250.00','0.00','0.00','0.00','充值订单号:20140620191703823044','1403263029','116.236.192.114','0','@网站管理员@');/* DBReback Separation */
 /* 插入数据 `lzh_member_moneylog` */
 INSERT INTO `lzh_member_moneylog` VALUES ('222','13','3','250.00','500.00','0.00','0.00','0.00','充值订单号:20140620192044353755','1403263250','116.236.192.114','0','@网站管理员@');/* DBReback Separation */
 /* 插入数据 `lzh_member_moneylog` */
 INSERT INTO `lzh_member_moneylog` VALUES ('223','13','3','105.00','605.00','0.00','0.00','0.00','充值订单号:20140621102435988180','1403317486','27.115.64.20','0','@网站管理员@');/* DBReback Separation */
 /* 插入数据 `lzh_member_moneylog` */
 INSERT INTO `lzh_member_moneylog` VALUES ('224','1','46','-10200.00','358297.01','0.00','93363.77','200.00','购买1号债权','1403770292','222.174.71.186','8','邓晨');/* DBReback Separation */
 /* 插入数据 `lzh_member_moneylog` */
 INSERT INTO `lzh_member_moneylog` VALUES ('225','1','46','10275.01','358297.01','0.00','103638.78','200.00','购买1号债权,增加待收资金','1403770292','222.174.71.186','8','邓晨');/* DBReback Separation */
 /* 插入数据 `lzh_member_moneylog` */
 INSERT INTO `lzh_member_moneylog` VALUES ('226','8','47','10200.00','90700.00','0.00','123503.51','0.00','转让1号债权','1403770292','222.174.71.186','1','gxw110');/* DBReback Separation */
 /* 插入数据 `lzh_member_moneylog` */
 INSERT INTO `lzh_member_moneylog` VALUES ('227','8','47','-10275.01','90700.00','0.00','113228.50','0.00','转让1号债权,减少待收资金','1403770292','222.174.71.186','1','gxw110');/* DBReback Separation */
 /* 插入数据 `lzh_member_moneylog` */
 INSERT INTO `lzh_member_moneylog` VALUES ('228','8','48','-1020.00','88660.00','0.00','113228.50','0.00','转让1号债权手续费（转让金额的10%）','1403770292','222.174.71.186','0','@网站管理员@');/* DBReback Separation */
 /* 插入数据 `lzh_member_moneylog` */
 INSERT INTO `lzh_member_moneylog` VALUES ('229','4','17','80000.00','884698.50','0.00','0.00','1000.00','第5号标复审通过，借款金额入帐','1403770530','222.174.71.186','0','@网站管理员@');/* DBReback Separation */
 /* 插入数据 `lzh_member_moneylog` */
 INSERT INTO `lzh_member_moneylog` VALUES ('230','4','18','-4800.00','879898.50','0.00','0.00','1000.00','第5号标借款成功，扣除借款管理费','1403770530','222.174.71.186','0','@网站管理员@');/* DBReback Separation */
 /* 插入数据 `lzh_member_moneylog` */
 INSERT INTO `lzh_member_moneylog` VALUES ('231','1','20','3.00','358300.01','0.00','103638.78','200.00','第5号标复审通过，获取投标奖励','1403770530','222.174.71.186','4','hzwd');/* DBReback Separation */
 /* 插入数据 `lzh_member_moneylog` */
 INSERT INTO `lzh_member_moneylog` VALUES ('232','4','21','-3.00','879895.50','0.00','0.00','1000.00','第5号标复审通过，支付投标奖励','1403770530','222.174.71.186','1','gxw110');/* DBReback Separation */
 /* 插入数据 `lzh_member_moneylog` */
 INSERT INTO `lzh_member_moneylog` VALUES ('233','1','15','100.00','358300.01','0.00','103738.78','100.00','第5号标复审通过，冻结本金成为待收金额','1403770530','222.174.71.186','4','hzwd');/* DBReback Separation */
 /* 插入数据 `lzh_member_moneylog` */
 INSERT INTO `lzh_member_moneylog` VALUES ('234','1','28','2.51','358300.01','0.00','103741.29','100.00','第5号标复审通过，应收利息成为待收利息','1403770530','222.174.71.186','4','hzwd');/* DBReback Separation */
 /* 插入数据 `lzh_member_moneylog` */
 INSERT INTO `lzh_member_moneylog` VALUES ('235','6','20','2397.00','98913277.00','0.00','1139387.51','81310.00','第5号标复审通过，获取投标奖励','1403770530','222.174.71.186','4','hzwd');/* DBReback Separation */
 /* 插入数据 `lzh_member_moneylog` */
 INSERT INTO `lzh_member_moneylog` VALUES ('236','4','21','-2397.00','877498.50','0.00','0.00','1000.00','第5号标复审通过，支付投标奖励','1403770530','222.174.71.186','6','2297633190');/* DBReback Separation */
 /* 插入数据 `lzh_member_moneylog` */
 INSERT INTO `lzh_member_moneylog` VALUES ('237','6','15','79900.00','98913277.00','0.00','1219287.51','1410.00','第5号标复审通过，冻结本金成为待收金额','1403770530','222.174.71.186','4','hzwd');/* DBReback Separation */
 /* 插入数据 `lzh_member_moneylog` */
 INSERT INTO `lzh_member_moneylog` VALUES ('238','6','28','2005.77','98913277.00','0.00','1221293.28','1410.00','第5号标复审通过，应收利息成为待收利息','1403770530','222.174.71.186','4','hzwd');/* DBReback Separation */
 /* 插入数据 `lzh_member_moneylog` */
 INSERT INTO `lzh_member_moneylog` VALUES ('239','8','46','-81900.00','6760.00','0.00','113228.50','0.00','购买1号债权','1403770784','222.174.71.186','6','2297633190');/* DBReback Separation */
 /* 插入数据 `lzh_member_moneylog` */
 INSERT INTO `lzh_member_moneylog` VALUES ('240','8','46','81905.76','6760.00','0.00','195134.26','0.00','购买1号债权,增加待收资金','1403770784','222.174.71.186','6','2297633190');/* DBReback Separation */
 /* 插入数据 `lzh_member_moneylog` */
 INSERT INTO `lzh_member_moneylog` VALUES ('241','6','47','81900.00','98995177.00','0.00','1221293.28','1410.00','转让1号债权','1403770784','222.174.71.186','8','邓晨');/* DBReback Separation */
 /* 插入数据 `lzh_member_moneylog` */
 INSERT INTO `lzh_member_moneylog` VALUES ('242','6','47','-81905.76','98995177.00','0.00','1139387.52','1410.00','转让1号债权,减少待收资金','1403770784','222.174.71.186','8','邓晨');/* DBReback Separation */
 /* 插入数据 `lzh_member_moneylog` */
 INSERT INTO `lzh_member_moneylog` VALUES ('243','6','48','-8190.00','98986987.00','0.00','1139387.52','1410.00','转让1号债权手续费（转让金额的10%）','1403770784','222.174.71.186','0','@网站管理员@');/* DBReback Separation */
 /* 插入数据 `lzh_member_moneylog` */
 INSERT INTO `lzh_member_moneylog` VALUES ('244','21','27','200000.00','200000.00','0.00','0.00','0.00','管理员手动审核充值','1404813650','60.161.178.63','0','@网站管理员@');/* DBReback Separation */
 /* 插入数据 `lzh_member_moneylog` */
 INSERT INTO `lzh_member_moneylog` VALUES ('245','21','32','600.00','200600.00','0.00','0.00','0.00','线下充值奖励','1404813650','60.161.178.63','0','@网站管理员@');/* DBReback Separation */
 /* 插入数据 `lzh_member_moneylog` */
 INSERT INTO `lzh_member_moneylog` VALUES ('246','21','37','-50000.00','150600.00','0.00','0.00','50000.00','对12号定投宝进行了投标','1404813825','60.161.178.63','4','hzwd');/* DBReback Separation */
 /* 插入数据 `lzh_member_moneylog` */
 INSERT INTO `lzh_member_moneylog` VALUES ('247','4','17','50000.00','927498.50','0.00','0.00','1000.00','第12号定投宝已被认购50000元，50000元已入帐','1404813825','60.161.178.63','0','@网站管理员@');/* DBReback Separation */
 /* 插入数据 `lzh_member_moneylog` */
 INSERT INTO `lzh_member_moneylog` VALUES ('248','4','18','-200.00','927298.50','0.00','0.00','1000.00','第12号定投宝被认购完毕，扣除借款管理费200.00元','1404813825','60.161.178.63','0','@网站管理员@');/* DBReback Separation */
 /* 插入数据 `lzh_member_moneylog` */
 INSERT INTO `lzh_member_moneylog` VALUES ('249','21','39','50000.00','150600.00','0.00','50000.00','0.00','您对第12号定投宝投标成功，冻结本金成为待收金额','1404813825','60.161.178.63','4','hzwd');/* DBReback Separation */
 /* 插入数据 `lzh_member_moneylog` */
 INSERT INTO `lzh_member_moneylog` VALUES ('250','21','38','2250.00','150600.00','0.00','52250.00','0.00','第12号定投宝应收利息成为待收利息','1404813825','60.161.178.63','4','hzwd');/* DBReback Separation */
 /* 插入数据 `lzh_member_moneylog` */
 INSERT INTO `lzh_member_moneylog` VALUES ('251','10','6','-10000.00','453881641.54','0.00','10075.00','19900.00','对13号标进行投标','1404361276','222.174.71.186','13','ringback');/* DBReback Separation */
 /* 插入数据 `lzh_member_moneylog` */
 INSERT INTO `lzh_member_moneylog` VALUES ('252','13','17','10000.00','10605.00','0.00','0.00','0.00','第13号标复审通过，借款金额入帐','1404361532','222.174.71.186','0','@网站管理员@');/* DBReback Separation */
 /* 插入数据 `lzh_member_moneylog` */
 INSERT INTO `lzh_member_moneylog` VALUES ('253','13','18','-500.00','10105.00','0.00','0.00','0.00','第13号标借款成功，扣除借款管理费','1404361532','222.174.71.186','0','@网站管理员@');/* DBReback Separation */
 /* 插入数据 `lzh_member_moneylog` */
 INSERT INTO `lzh_member_moneylog` VALUES ('254','10','15','10000.00','453881641.54','0.00','20075.00','9900.00','第13号标复审通过，冻结本金成为待收金额','1404361532','222.174.71.186','13','ringback');/* DBReback Separation */
 /* 插入数据 `lzh_member_moneylog` */
 INSERT INTO `lzh_member_moneylog` VALUES ('255','10','28','166.67','453881641.54','0.00','20241.67','9900.00','第13号标复审通过，应收利息成为待收利息','1404361532','222.174.71.186','13','ringback');/* DBReback Separation */
 /* 插入数据 `lzh_member_moneylog` */
 INSERT INTO `lzh_member_moneylog` VALUES ('256','27','7','1000000.00','1000000.00','0.00','0.00','0.00','测试一下嘛','1404461323','113.16.255.230','0','@网站管理员@');/* DBReback Separation */
 /* 插入数据 `lzh_member_moneylog` */
 INSERT INTO `lzh_member_moneylog` VALUES ('257','27','7','100000.00','1000000.00','0.00','0.00','100000.00','测试一下嘛','1404461323','113.16.255.230','0','@网站管理员@');/* DBReback Separation */
 /* 插入数据 `lzh_member_moneylog` */
 INSERT INTO `lzh_member_moneylog` VALUES ('258','27','7','100000.00','1000000.00','0.00','100000.00','100000.00','测试一下嘛','1404461323','113.16.255.230','0','@网站管理员@');/* DBReback Separation */
 /* 插入数据 `lzh_member_moneylog` */
 INSERT INTO `lzh_member_moneylog` VALUES ('259','32','27','210000.00','210000.00','0.00','0.00','0.00','管理员手动审核充值','1404658151','112.114.65.56','0','@网站管理员@');/* DBReback Separation */
 /* 插入数据 `lzh_member_moneylog` */
 INSERT INTO `lzh_member_moneylog` VALUES ('260','32','32','630.00','210630.00','0.00','0.00','0.00','线下充值奖励','1404658151','112.114.65.56','0','@网站管理员@');/* DBReback Separation */
 /* 插入数据 `lzh_member_moneylog` */
 INSERT INTO `lzh_member_moneylog` VALUES ('261','32','27','2150000.00','2360630.00','0.00','0.00','0.00','管理员手动审核充值','1404658249','112.114.65.56','0','@网站管理员@');/* DBReback Separation */
 /* 插入数据 `lzh_member_moneylog` */
 INSERT INTO `lzh_member_moneylog` VALUES ('262','32','32','6450.00','2367080.00','0.00','0.00','0.00','线下充值奖励','1404658249','112.114.65.56','0','@网站管理员@');/* DBReback Separation */
 /* 插入数据 `lzh_member_moneylog` */
 INSERT INTO `lzh_member_moneylog` VALUES ('263','32','37','-1000000.00','1367080.00','0.00','0.00','1000000.00','对11号定投宝进行了投标','1404658385','112.114.65.56','6','2297633190');/* DBReback Separation */
 /* 插入数据 `lzh_member_moneylog` */
 INSERT INTO `lzh_member_moneylog` VALUES ('264','6','17','1000000.00','99986987.00','0.00','1139387.52','1410.00','第11号定投宝已被认购1000000元，1000000元已入帐','1404658385','112.114.65.56','0','@网站管理员@');/* DBReback Separation */
 /* 插入数据 `lzh_member_moneylog` */
 INSERT INTO `lzh_member_moneylog` VALUES ('265','6','18','-100.00','99986887.00','0.00','1139387.52','1410.00','第11号定投宝被认购完毕，扣除借款管理费100.00元','1404658385','112.114.65.56','0','@网站管理员@');/* DBReback Separation */
 /* 插入数据 `lzh_member_moneylog` */
 INSERT INTO `lzh_member_moneylog` VALUES ('266','32','39','1000000.00','1367080.00','0.00','1000000.00','0.00','您对第11号定投宝投标成功，冻结本金成为待收金额','1404658385','112.114.65.56','6','2297633190');/* DBReback Separation */
 /* 插入数据 `lzh_member_moneylog` */
 INSERT INTO `lzh_member_moneylog` VALUES ('267','32','38','54000.00','1367080.00','0.00','1054000.00','0.00','第11号定投宝应收利息成为待收利息','1404658385','112.114.65.56','6','2297633190');/* DBReback Separation */
 /* 插入数据 `lzh_member_moneylog` */
 INSERT INTO `lzh_member_moneylog` VALUES ('268','32','6','-1000.00','1366080.00','0.00','1054000.00','1000.00','对14号标进行投标','1404659261','112.114.65.56','25','gongyufa');/* DBReback Separation */
 /* 插入数据 `lzh_member_moneylog` */
 INSERT INTO `lzh_member_moneylog` VALUES ('269','25','17','1000.00','1000.00','0.00','0.00','0.00','第14号标复审通过，借款金额入帐','1404659309','112.114.65.56','0','@网站管理员@');/* DBReback Separation */
 /* 插入数据 `lzh_member_moneylog` */
 INSERT INTO `lzh_member_moneylog` VALUES ('270','25','18','-65.00','935.00','0.00','0.00','0.00','第14号标借款成功，扣除借款管理费','1404659309','112.114.65.56','0','@网站管理员@');/* DBReback Separation */
 /* 插入数据 `lzh_member_moneylog` */
 INSERT INTO `lzh_member_moneylog` VALUES ('271','32','15','1000.00','1366080.00','0.00','1055000.00','0.00','第14号标复审通过，冻结本金成为待收金额','1404659309','112.114.65.56','25','gongyufa');/* DBReback Separation */
 /* 插入数据 `lzh_member_moneylog` */
 INSERT INTO `lzh_member_moneylog` VALUES ('272','32','28','80.00','1366080.00','0.00','1055080.00','0.00','第14号标复审通过，应收利息成为待收利息','1404659309','112.114.65.56','25','gongyufa');/* DBReback Separation */
 /* 插入数据 `lzh_member_moneylog` */
 INSERT INTO `lzh_member_moneylog` VALUES ('273','25','27','1000.00','1935.00','0.00','0.00','0.00','管理员手动审核充值','1404660678','113.91.10.249','0','@网站管理员@');/* DBReback Separation */
 /* 插入数据 `lzh_member_moneylog` */
 INSERT INTO `lzh_member_moneylog` VALUES ('274','5','17','10000.00','100438800.00','0.00','0.00','0.00','第3号标复审通过，借款金额入帐','1404706479','60.161.179.166','0','@网站管理员@');/* DBReback Separation */
 /* 插入数据 `lzh_member_moneylog` */
 INSERT INTO `lzh_member_moneylog` VALUES ('275','5','18','-500.00','100438300.00','0.00','0.00','0.00','第3号标借款成功，扣除借款管理费','1404706479','60.161.179.166','0','@网站管理员@');/* DBReback Separation */
 /* 插入数据 `lzh_member_moneylog` */
 INSERT INTO `lzh_member_moneylog` VALUES ('276','1','15','100.00','358300.01','0.00','103841.29','0.00','第3号标复审通过，冻结本金成为待收金额','1404706479','60.161.179.166','5','lvmaque');/* DBReback Separation */
 /* 插入数据 `lzh_member_moneylog` */
 INSERT INTO `lzh_member_moneylog` VALUES ('277','1','28','0.83','358300.01','0.00','103842.12','0.00','第3号标复审通过，应收利息成为待收利息','1404706479','60.161.179.166','5','lvmaque');/* DBReback Separation */
 /* 插入数据 `lzh_member_moneylog` */
 INSERT INTO `lzh_member_moneylog` VALUES ('278','10','15','9250.00','453881641.54','0.00','29491.67','650.00','第3号标复审通过，冻结本金成为待收金额','1404706479','60.161.179.166','5','lvmaque');/* DBReback Separation */
 /* 插入数据 `lzh_member_moneylog` */
 INSERT INTO `lzh_member_moneylog` VALUES ('279','10','28','77.08','453881641.54','0.00','29568.75','650.00','第3号标复审通过，应收利息成为待收利息','1404706479','60.161.179.166','5','lvmaque');/* DBReback Separation */
 /* 插入数据 `lzh_member_moneylog` */
 INSERT INTO `lzh_member_moneylog` VALUES ('280','10','15','650.00','453881641.54','0.00','30218.75','0.00','第3号标复审通过，冻结本金成为待收金额','1404706479','60.161.179.166','5','lvmaque');/* DBReback Separation */
 /* 插入数据 `lzh_member_moneylog` */
 INSERT INTO `lzh_member_moneylog` VALUES ('281','10','28','5.42','453881641.54','0.00','30224.17','0.00','第3号标复审通过，应收利息成为待收利息','1404706479','60.161.179.166','5','lvmaque');/* DBReback Separation */
 /* 插入数据 `lzh_member_moneylog` */
 INSERT INTO `lzh_member_moneylog` VALUES ('282','1','17','500.00','358800.01','0.00','103842.12','0.00','第1号标复审通过，借款金额入帐','1404706672','60.161.179.166','0','@网站管理员@');/* DBReback Separation */
 /* 插入数据 `lzh_member_moneylog` */
 INSERT INTO `lzh_member_moneylog` VALUES ('283','1','18','-25.00','358775.01','0.00','103842.12','0.00','第1号标借款成功，扣除借款管理费','1404706672','60.161.179.166','0','@网站管理员@');/* DBReback Separation */
 /* 插入数据 `lzh_member_moneylog` */
 INSERT INTO `lzh_member_moneylog` VALUES ('284','6','20','4.00','99986891.00','0.00','1139387.52','1410.00','第1号标复审通过，获取投标奖励','1404706672','60.161.179.166','1','gxw110');/* DBReback Separation */
 /* 插入数据 `lzh_member_moneylog` */
 INSERT INTO `lzh_member_moneylog` VALUES ('285','1','21','-4.00','358771.01','0.00','103842.12','0.00','第1号标复审通过，支付投标奖励','1404706672','60.161.179.166','6','2297633190');/* DBReback Separation */
 /* 插入数据 `lzh_member_moneylog` */
 INSERT INTO `lzh_member_moneylog` VALUES ('286','6','15','400.00','99986891.00','0.00','1139787.52','1010.00','第1号标复审通过，冻结本金成为待收金额','1404706672','60.161.179.166','1','gxw110');/* DBReback Separation */
 /* 插入数据 `lzh_member_moneylog` */
 INSERT INTO `lzh_member_moneylog` VALUES ('287','6','28','0.33','99986891.00','0.00','1139787.85','1010.00','第1号标复审通过，应收利息成为待收利息','1404706672','60.161.179.166','1','gxw110');/* DBReback Separation */
 /* 插入数据 `lzh_member_moneylog` */
 INSERT INTO `lzh_member_moneylog` VALUES ('288','11','20','1.00','6931.00','0.00','3213.00','100.00','第1号标复审通过，获取投标奖励','1404706672','60.161.179.166','1','gxw110');/* DBReback Separation */
 /* 插入数据 `lzh_member_moneylog` */
 INSERT INTO `lzh_member_moneylog` VALUES ('289','1','21','-1.00','358770.01','0.00','103842.12','0.00','第1号标复审通过，支付投标奖励','1404706672','60.161.179.166','11','tsqy');/* DBReback Separation */
 /* 插入数据 `lzh_member_moneylog` */
 INSERT INTO `lzh_member_moneylog` VALUES ('290','11','15','100.00','6931.00','0.00','3313.00','0.00','第1号标复审通过，冻结本金成为待收金额','1404706672','60.161.179.166','1','gxw110');/* DBReback Separation */
 /* 插入数据 `lzh_member_moneylog` */
 INSERT INTO `lzh_member_moneylog` VALUES ('291','11','28','0.08','6931.00','0.00','3313.08','0.00','第1号标复审通过，应收利息成为待收利息','1404706673','60.161.179.166','1','gxw110');/* DBReback Separation */
 /* 插入数据 `lzh_member_moneylog` */
 INSERT INTO `lzh_member_moneylog` VALUES ('292','13','7','10000000.00','10010105.00','0.00','0.00','0.00','h','1404806224','222.174.71.186','0','@网站管理员@');/* DBReback Separation */
 /* 插入数据 `lzh_member_moneylog` */
 INSERT INTO `lzh_member_moneylog` VALUES ('293','13','37','-2000000.00','8010105.00','0.00','0.00','2000000.00','对15号定投宝进行了投标','1404806264','222.174.71.186','10','aixiaochuang111');/* DBReback Separation */
 /* 插入数据 `lzh_member_moneylog` */
 INSERT INTO `lzh_member_moneylog` VALUES ('294','10','17','2000000.00','455881641.54','0.00','30224.17','0.00','第15号定投宝已被认购2000000元，2000000元已入帐','1404806264','222.174.71.186','0','@网站管理员@');/* DBReback Separation */
 /* 插入数据 `lzh_member_moneylog` */
 INSERT INTO `lzh_member_moneylog` VALUES ('295','13','39','2000000.00','8010105.00','0.00','2000000.00','0.00','您对第15号定投宝投标成功，冻结本金成为待收金额','1404806264','222.174.71.186','10','aixiaochuang111');/* DBReback Separation */
 /* 插入数据 `lzh_member_moneylog` */
 INSERT INTO `lzh_member_moneylog` VALUES ('296','13','38','612000.00','8010105.00','0.00','2612000.00','0.00','第15号定投宝应收利息成为待收利息','1404806264','222.174.71.186','10','aixiaochuang111');/* DBReback Separation */
 /* 插入数据 `lzh_member_moneylog` */
 INSERT INTO `lzh_member_moneylog` VALUES ('297','25','11','-20.00','1915.00','0.00','0.00','0.00','对14号标第1期还款','1404965573','60.210.56.17','0','@网站管理员@');/* DBReback Separation */
 /* 插入数据 `lzh_member_moneylog` */
 INSERT INTO `lzh_member_moneylog` VALUES ('298','32','9','20.00','1366080.00','20.00','1055060.00','0.00','收到会员对14号标第1期的还款','1404965573','60.210.56.17','25','gongyufa');/* DBReback Separation */
 /* 插入数据 `lzh_member_moneylog` */
 INSERT INTO `lzh_member_moneylog` VALUES ('299','32','23','-2.00','1366080.00','18.00','1055060.00','0.00','网站已将第14号标第1期还款的利息管理费扣除','1404965573','60.210.56.17','0','@网站管理员@');/* DBReback Separation */
 /* 插入数据 `lzh_member_moneylog` */
 INSERT INTO `lzh_member_moneylog` VALUES ('300','25','11','-20.00','1895.00','0.00','0.00','0.00','对14号标第2期还款','1404965595','60.210.56.17','0','@网站管理员@');/* DBReback Separation */
 /* 插入数据 `lzh_member_moneylog` */
 INSERT INTO `lzh_member_moneylog` VALUES ('301','32','9','20.00','1366080.00','38.00','1055040.00','0.00','收到会员对14号标第2期的还款','1404965595','60.210.56.17','25','gongyufa');/* DBReback Separation */
 /* 插入数据 `lzh_member_moneylog` */
 INSERT INTO `lzh_member_moneylog` VALUES ('302','32','23','-2.00','1366080.00','36.00','1055040.00','0.00','网站已将第14号标第2期还款的利息管理费扣除','1404965596','60.210.56.17','0','@网站管理员@');/* DBReback Separation */
 /* 插入数据 `lzh_member_moneylog` */
 INSERT INTO `lzh_member_moneylog` VALUES ('303','41','27','10000000.00','10000000.00','0.00','0.00','0.00','管理员手动审核充值','1405409939','106.37.234.246','0','@网站管理员@');/* DBReback Separation */
 /* 插入数据 `lzh_member_moneylog` */
 INSERT INTO `lzh_member_moneylog` VALUES ('304','41','32','30000.00','10030000.00','0.00','0.00','0.00','线下充值奖励','1405409939','106.37.234.246','0','@网站管理员@');/* DBReback Separation */
 /* 插入数据 `lzh_member_moneylog` */
 INSERT INTO `lzh_member_moneylog` VALUES ('305','41','37','-1000000.00','9030000.00','0.00','0.00','1000000.00','对8号定投宝进行了投标','1405410077','106.37.234.246','3','11111111');/* DBReback Separation */
 /* 插入数据 `lzh_member_moneylog` */
 INSERT INTO `lzh_member_moneylog` VALUES ('306','3','17','1000000.00','103392895.00','0.00','1007.50','0.00','第8号定投宝已被认购1000000元，1000000元已入帐','1405410077','106.37.234.246','0','@网站管理员@');/* DBReback Separation */
 /* 插入数据 `lzh_member_moneylog` */
 INSERT INTO `lzh_member_moneylog` VALUES ('307','41','39','1000000.00','9030000.00','0.00','1000000.00','0.00','您对第8号定投宝投标成功，冻结本金成为待收金额','1405410077','106.37.234.246','3','11111111');/* DBReback Separation */
 /* 插入数据 `lzh_member_moneylog` */
 INSERT INTO `lzh_member_moneylog` VALUES ('308','41','38','234000.00','9030000.00','0.00','1234000.00','0.00','第8号定投宝应收利息成为待收利息','1405410077','106.37.234.246','3','11111111');/* DBReback Separation */
 /* 插入数据 `lzh_member_moneylog` */
 INSERT INTO `lzh_member_moneylog` VALUES ('309','13','27','50.00','8010155.00','0.00','2612000.00','0.00','管理员手动审核充值','1405737359','182.91.217.185','0','@网站管理员@');/* DBReback Separation */
 /* 插入数据 `lzh_member_moneylog` */
 INSERT INTO `lzh_member_moneylog` VALUES ('310','45','7','10000.00','10000.00','0.00','0.00','0.00','充值','1405861892','119.39.233.108','0','@网站管理员@');/* DBReback Separation */
 /* 插入数据 `lzh_member_moneylog` */
 INSERT INTO `lzh_member_moneylog` VALUES ('311','13','7','1000000.00','9010155.00','0.00','2612000.00','0.00','a','1405914768','106.38.202.87','0','@网站管理员@');/* DBReback Separation */
 /* 插入数据 `lzh_member_moneylog` */
 INSERT INTO `lzh_member_moneylog` VALUES ('312','45','6','-100.00','9900.00','0.00','0.00','100.00','对17号标进行投标','1405914975','106.38.202.87','13','ringback');/* DBReback Separation */
 /* 插入数据 `lzh_member_moneylog` */
 INSERT INTO `lzh_member_moneylog` VALUES ('313','13','17','100.00','9010255.00','0.00','2612000.00','0.00','第17号标复审通过，借款金额入帐','1405922109','106.38.202.87','0','@网站管理员@');/* DBReback Separation */
 /* 插入数据 `lzh_member_moneylog` */
 INSERT INTO `lzh_member_moneylog` VALUES ('314','13','18','-6.00','9010249.00','0.00','2612000.00','0.00','第17号标借款成功，扣除借款管理费','1405922109','106.38.202.87','0','@网站管理员@');/* DBReback Separation */
 /* 插入数据 `lzh_member_moneylog` */
 INSERT INTO `lzh_member_moneylog` VALUES ('315','45','15','100.00','9900.00','0.00','100.00','0.00','第17号标复审通过，冻结本金成为待收金额','1405922109','106.38.202.87','13','ringback');/* DBReback Separation */
 /* 插入数据 `lzh_member_moneylog` */
 INSERT INTO `lzh_member_moneylog` VALUES ('316','45','28','0.04','9900.00','0.00','100.04','0.00','第17号标复审通过，应收利息成为待收利息','1405922109','106.38.202.87','13','ringback');/* DBReback Separation */
 /* 插入数据 `lzh_member_moneylog` */
 INSERT INTO `lzh_member_moneylog` VALUES ('317','45','6','-50.00','9850.00','0.00','100.04','50.00','对18号标进行投标','1406014420','106.38.202.87','13','ringback');/* DBReback Separation */
 /* 插入数据 `lzh_member_moneylog` */
 INSERT INTO `lzh_member_moneylog` VALUES ('318','45','8','50.00','9900.00','0.00','100.04','0.00','第18号标募集期内标未满,流标，返回冻结资金','1406283521','123.232.125.146','13','ringback');/* DBReback Separation */
 /* 插入数据 `lzh_member_moneylog` */
 INSERT INTO `lzh_member_moneylog` VALUES ('319','54','27','2000000.00','2000000.00','0.00','0.00','0.00','管理员手动审核充值','1406775952','118.186.197.214','0','@网站管理员@');/* DBReback Separation */
 /* 插入数据 `lzh_member_moneylog` */
 INSERT INTO `lzh_member_moneylog` VALUES ('320','54','32','6000.00','2006000.00','0.00','0.00','0.00','线下充值奖励','1406775952','118.186.197.214','0','@网站管理员@');/* DBReback Separation */
 /* 插入数据 `lzh_member_moneylog` */
 INSERT INTO `lzh_member_moneylog` VALUES ('321','54','27','10000000.00','12006000.00','0.00','0.00','0.00','管理员手动审核充值','1406775956','118.186.197.214','0','@网站管理员@');/* DBReback Separation */
 /* 插入数据 `lzh_member_moneylog` */
 INSERT INTO `lzh_member_moneylog` VALUES ('322','54','32','30000.00','12036000.00','0.00','0.00','0.00','线下充值奖励','1406775956','118.186.197.214','0','@网站管理员@');/* DBReback Separation */
 /* 插入数据 `lzh_member_moneylog` */
 INSERT INTO `lzh_member_moneylog` VALUES ('323','54','27','10000000.00','22036000.00','0.00','0.00','0.00','管理员手动审核充值','1406775960','118.186.197.214','0','@网站管理员@');/* DBReback Separation */
 /* 插入数据 `lzh_member_moneylog` */
 INSERT INTO `lzh_member_moneylog` VALUES ('324','54','32','30000.00','22066000.00','0.00','0.00','0.00','线下充值奖励','1406775960','118.186.197.214','0','@网站管理员@');/* DBReback Separation */
 /* 插入数据 `lzh_member_moneylog` */
 INSERT INTO `lzh_member_moneylog` VALUES ('325','52','27','10000.00','10000.00','0.00','0.00','0.00','管理员手动审核充值','1406790006','59.58.155.108','0','@网站管理员@');/* DBReback Separation */
 /* 插入数据 `lzh_member_moneylog` */
 INSERT INTO `lzh_member_moneylog` VALUES ('326','53','27','10975678.00','10975678.00','0.00','0.00','0.00','管理员手动审核充值','1406967117','222.174.71.186','0','@网站管理员@');/* DBReback Separation */
 /* 插入数据 `lzh_member_moneylog` */
 INSERT INTO `lzh_member_moneylog` VALUES ('327','53','32','32927.03','11008605.03','0.00','0.00','0.00','线下充值奖励','1406967117','222.174.71.186','0','@网站管理员@');/* DBReback Separation */
 /* 插入数据 `lzh_member_moneylog` */
 INSERT INTO `lzh_member_moneylog` VALUES ('328','53','6','-10000.00','10998605.03','0.00','0.00','10000.00','对19号标进行投标','1406967505','222.174.71.186','13','ringback');/* DBReback Separation */
 /* 插入数据 `lzh_member_moneylog` */
 INSERT INTO `lzh_member_moneylog` VALUES ('329','13','17','10000.00','9020249.00','0.00','2612000.00','0.00','第19号标复审通过，借款金额入帐','1406967534','222.174.71.186','0','@网站管理员@');/* DBReback Separation */
 /* 插入数据 `lzh_member_moneylog` */
 INSERT INTO `lzh_member_moneylog` VALUES ('330','13','18','-600.00','9019649.00','0.00','2612000.00','0.00','第19号标借款成功，扣除借款管理费','1406967534','222.174.71.186','0','@网站管理员@');/* DBReback Separation */
 /* 插入数据 `lzh_member_moneylog` */
 INSERT INTO `lzh_member_moneylog` VALUES ('331','53','15','10000.00','10998605.03','0.00','10000.00','0.00','第19号标复审通过，冻结本金成为待收金额','1406967534','222.174.71.186','13','ringback');/* DBReback Separation */
 /* 插入数据 `lzh_member_moneylog` */
 INSERT INTO `lzh_member_moneylog` VALUES ('332','53','28','375.00','10998605.03','0.00','10375.00','0.00','第19号标复审通过，应收利息成为待收利息','1406967534','222.174.71.186','13','ringback');/* DBReback Separation */
 /* 插入数据 `lzh_member_moneylog` */
 INSERT INTO `lzh_member_moneylog` VALUES ('333','66','27','100000.00','100000.00','0.00','0.00','0.00','管理员手动审核充值','1407240079','222.174.71.186','0','@网站管理员@');/* DBReback Separation */
 /* 插入数据 `lzh_member_moneylog` */
 INSERT INTO `lzh_member_moneylog` VALUES ('334','66','32','300.00','100300.00','0.00','0.00','0.00','线下充值奖励','1407240079','222.174.71.186','0','@网站管理员@');/* DBReback Separation */
 /* 插入数据 `lzh_member_moneylog` */
 INSERT INTO `lzh_member_moneylog` VALUES ('335','66','6','-10000.00','90300.00','0.00','0.00','10000.00','对20号标进行投标','1407240160','222.174.71.186','13','ringback');/* DBReback Separation */
 /* 插入数据 `lzh_member_moneylog` */
 INSERT INTO `lzh_member_moneylog` VALUES ('336','13','17','10000.00','9029649.00','0.00','2612000.00','0.00','第20号标复审通过，借款金额入帐','1407240224','222.174.71.186','0','@网站管理员@');/* DBReback Separation */
 /* 插入数据 `lzh_member_moneylog` */
 INSERT INTO `lzh_member_moneylog` VALUES ('337','13','18','-500.00','9029149.00','0.00','2612000.00','0.00','第20号标借款成功，扣除借款管理费','1407240224','222.174.71.186','0','@网站管理员@');/* DBReback Separation */
 /* 插入数据 `lzh_member_moneylog` */
 INSERT INTO `lzh_member_moneylog` VALUES ('338','66','15','10000.00','90300.00','0.00','10000.00','0.00','第20号标复审通过，冻结本金成为待收金额','1407240224','222.174.71.186','13','ringback');/* DBReback Separation */
 /* 插入数据 `lzh_member_moneylog` */
 INSERT INTO `lzh_member_moneylog` VALUES ('339','66','28','100.00','90300.00','0.00','10100.00','0.00','第20号标复审通过，应收利息成为待收利息','1407240224','222.174.71.186','13','ringback');/* DBReback Separation */
 /* 插入数据 `lzh_member_moneylog` */
 INSERT INTO `lzh_member_moneylog` VALUES ('340','13','11','-10166.67','9018982.33','0.00','2612000.00','0.00','对13号标第1期还款','1407240360','222.174.71.186','0','@网站管理员@');/* DBReback Separation */
 /* 插入数据 `lzh_member_moneylog` */
 INSERT INTO `lzh_member_moneylog` VALUES ('341','13','30','-20.33','9018962.00','0.00','2612000.00','0.00','13号标第1期的逾期罚息','1407240360','222.174.71.186','0','@网站管理员@');/* DBReback Separation */
 /* 插入数据 `lzh_member_moneylog` */
 INSERT INTO `lzh_member_moneylog` VALUES ('342','10','9','10166.67','455881641.54','10166.67','20057.50','0.00','收到会员对13号标第1期的还款','1407240360','222.174.71.186','13','ringback');/* DBReback Separation */
 /* 插入数据 `lzh_member_moneylog` */
 INSERT INTO `lzh_member_moneylog` VALUES ('343','10','23','-16.67','455881641.54','10150.00','20057.50','0.00','网站已将第13号标第1期还款的利息管理费扣除','1407240360','222.174.71.186','0','@网站管理员@');/* DBReback Separation */
 /* 插入数据 `lzh_member_moneylog` */
 INSERT INTO `lzh_member_moneylog` VALUES ('344','13','24','0.00','9018962.00','0.00','2612000.00','0.00','网站对13号标还款完成的解冻保证金','1407240360','222.174.71.186','0','@网站管理员@');/* DBReback Separation */
 /* 插入数据 `lzh_member_moneylog` */
 INSERT INTO `lzh_member_moneylog` VALUES ('345','13','11','-33.35','9018928.65','0.00','2612000.00','0.00','对17号标第1期还款','1407240380','222.174.71.186','0','@网站管理员@');/* DBReback Separation */
 /* 插入数据 `lzh_member_moneylog` */
 INSERT INTO `lzh_member_moneylog` VALUES ('346','45','9','33.35','9900.00','33.35','66.69','0.00','收到会员对17号标第1期的还款','1407240380','222.174.71.186','13','ringback');/* DBReback Separation */
 /* 插入数据 `lzh_member_moneylog` */
 INSERT INTO `lzh_member_moneylog` VALUES ('347','13','4','-1000.00','9017928.65','0.00','2612000.00','1000.00','提现,默认自动扣减手续费5元','1407240620','222.174.71.186','0','@网站管理员@');/* DBReback Separation */
 /* 插入数据 `lzh_member_moneylog` */
 INSERT INTO `lzh_member_moneylog` VALUES ('348','13','36','-1000.00','9017923.65','0.00','2612000.00','1000.00','提现申请已通过，扣除实际手续费5元，到帐金额1000.00元','1407240832','222.174.71.186','0','@网站管理员@');/* DBReback Separation */
 /* 插入数据 `lzh_member_moneylog` */
 INSERT INTO `lzh_member_moneylog` VALUES ('349','13','29','-1000.00','9017923.65','0.00','2612000.00','0.00','提现成功,扣除实际手续费5.00元，减去冻结资金，到帐金额1000.00元','1407240910','222.174.71.186','0','@网站管理员@');/* DBReback Separation */
 /* 插入数据 `lzh_member_moneylog` */
 INSERT INTO `lzh_member_moneylog` VALUES ('350','55','27','180000000.00','180000000.00','0.00','0.00','0.00','管理员手动审核充值','1407300250','118.186.197.214','0','@网站管理员@');/* DBReback Separation */
 /* 插入数据 `lzh_member_moneylog` */
 INSERT INTO `lzh_member_moneylog` VALUES ('351','55','32','540000.00','180540000.00','0.00','0.00','0.00','线下充值奖励','1407300250','118.186.197.214','0','@网站管理员@');/* DBReback Separation */
 /* 插入数据 `lzh_member_moneylog` */
 INSERT INTO `lzh_member_moneylog` VALUES ('352','55','37','-20000.00','180520000.00','0.00','0.00','20000.00','对21号定投宝进行了投标','1407300271','118.186.197.214','3','11111111');/* DBReback Separation */
 /* 插入数据 `lzh_member_moneylog` */
 INSERT INTO `lzh_member_moneylog` VALUES ('353','3','17','20000.00','103412895.00','0.00','1007.50','0.00','第21号定投宝已被认购20000元，20000元已入帐','1407300271','118.186.197.214','0','@网站管理员@');/* DBReback Separation */
 /* 插入数据 `lzh_member_moneylog` */
 INSERT INTO `lzh_member_moneylog` VALUES ('354','55','39','20000.00','180520000.00','0.00','20000.00','0.00','您对第21号定投宝投标成功，冻结本金成为待收金额','1407300271','118.186.197.214','3','11111111');/* DBReback Separation */
 /* 插入数据 `lzh_member_moneylog` */
 INSERT INTO `lzh_member_moneylog` VALUES ('355','55','38','2893.58','180520000.00','0.00','22893.58','0.00','第21号定投宝应收利息成为待收利息','1407300271','118.186.197.214','3','11111111');/* DBReback Separation */
 /* 插入数据 `lzh_member_moneylog` */
 INSERT INTO `lzh_member_moneylog` VALUES ('356','64','27','1000000000.00','1000000000.00','0.00','0.00','0.00','管理员手动审核充值','1407311362','118.186.197.214','0','@网站管理员@');/* DBReback Separation */
 /* 插入数据 `lzh_member_moneylog` */
 INSERT INTO `lzh_member_moneylog` VALUES ('357','64','32','3000000.00','1003000000.00','0.00','0.00','0.00','线下充值奖励','1407311362','118.186.197.214','0','@网站管理员@');/* DBReback Separation */
 /* 插入数据 `lzh_member_moneylog` */
 INSERT INTO `lzh_member_moneylog` VALUES ('358','64','37','-100000.00','1002900000.00','0.00','0.00','100000.00','对18号定投宝进行了投标','1407311526','118.186.197.214','3','11111111');/* DBReback Separation */
 /* 插入数据 `lzh_member_moneylog` */
 INSERT INTO `lzh_member_moneylog` VALUES ('359','3','17','100000.00','103512895.00','0.00','1007.50','0.00','第18号定投宝已被认购100000元，100000元已入帐','1407311526','118.186.197.214','0','@网站管理员@');/* DBReback Separation */
 /* 插入数据 `lzh_member_moneylog` */
 INSERT INTO `lzh_member_moneylog` VALUES ('360','64','39','100000.00','1002900000.00','0.00','100000.00','0.00','您对第18号定投宝投标成功，冻结本金成为待收金额','1407311526','118.186.197.214','3','11111111');/* DBReback Separation */
 /* 插入数据 `lzh_member_moneylog` */
 INSERT INTO `lzh_member_moneylog` VALUES ('361','64','38','750.00','1002900000.00','0.00','100750.00','0.00','第18号定投宝应收利息成为待收利息','1407311526','118.186.197.214','3','11111111');/* DBReback Separation */
 /* 插入数据 `lzh_member_moneylog` */
 INSERT INTO `lzh_member_moneylog` VALUES ('362','54','7','100000.00','22166000.00','0.00','0.00','0.00','1212','1407312358','118.186.197.214','0','@网站管理员@');/* DBReback Separation */
 /* 插入数据 `lzh_member_moneylog` */
 INSERT INTO `lzh_member_moneylog` VALUES ('363','19','27','100000000.00','100000000.00','0.00','0.00','0.00','管理员手动审核充值','1407552320','60.23.186.110','0','@网站管理员@');/* DBReback Separation */
 /* 插入数据 `lzh_member_moneylog` */
 INSERT INTO `lzh_member_moneylog` VALUES ('364','19','32','300000.00','100300000.00','0.00','0.00','0.00','线下充值奖励','1407552320','60.23.186.110','0','@网站管理员@');/* DBReback Separation */
 /* 插入数据 `lzh_member_moneylog` */
 INSERT INTO `lzh_member_moneylog` VALUES ('365','13','37','-1000.00','9016923.65','0.00','2612000.00','1000.00','对23号定投宝进行了投标','1407919697','118.186.197.214','2','ggggwfn11');/* DBReback Separation */
 /* 插入数据 `lzh_member_moneylog` */
 INSERT INTO `lzh_member_moneylog` VALUES ('366','2','17','1000.00','937991.49','0.00','97620.82','0.00','第23号定投宝已被认购1000元，1000元已入帐','1407919698','118.186.197.214','0','@网站管理员@');/* DBReback Separation */
 /* 插入数据 `lzh_member_moneylog` */
 INSERT INTO `lzh_member_moneylog` VALUES ('367','13','39','1000.00','9016923.65','0.00','2613000.00','0.00','您对第23号定投宝投标成功，冻结本金成为待收金额','1407919698','118.186.197.214','2','ggggwfn11');/* DBReback Separation */
 /* 插入数据 `lzh_member_moneylog` */
 INSERT INTO `lzh_member_moneylog` VALUES ('368','13','38','13.50','9016923.65','0.00','2613013.50','0.00','第23号定投宝应收利息成为待收利息','1407919698','118.186.197.214','2','ggggwfn11');/* DBReback Separation */
 /* 插入数据 `lzh_member_moneylog` */
 INSERT INTO `lzh_member_moneylog` VALUES ('369','75','7','1000.00','1000.00','0.00','0.00','0.00','增加千克','1409043823','222.223.219.84','0','@网站管理员@');/* DBReback Separation */
 /* 插入数据 `lzh_member_moneylog` */
 INSERT INTO `lzh_member_moneylog` VALUES ('370','75','7','100000.00','1000.00','0.00','100000.00','0.00','增加千克','1409043823','222.223.219.84','0','@网站管理员@');/* DBReback Separation */
 /* 插入数据 `lzh_member_moneylog` */
 INSERT INTO `lzh_member_moneylog` VALUES ('371','75','7','-100.00','1000.00','0.00','99900.00','0.00','1111','1409043873','222.223.219.84','0','@网站管理员@');/* DBReback Separation */
 /* 插入数据 `lzh_member_moneylog` */
 INSERT INTO `lzh_member_moneylog` VALUES ('372','74','27','50.00','50.00','0.00','0.00','0.00','管理员手动审核充值','1409065502','222.223.186.203','0','@网站管理员@');/* DBReback Separation */
 /* 插入数据 `lzh_member_moneylog` */
 INSERT INTO `lzh_member_moneylog` VALUES ('373','76','3','100.00','100.00','0.00','0.00','0.00','充值订单号:20140826230955218468','1409065808','27.115.64.20','0','@网站管理员@');/* DBReback Separation */
 /* 插入数据 `lzh_member_moneylog` */
 INSERT INTO `lzh_member_moneylog` VALUES ('374','76','7','100000000.00','100000100.00','0.00','0.00','0.00','ddd','1409066252','222.223.186.203','0','@网站管理员@');/* DBReback Separation */
 /* 插入数据 `lzh_member_moneylog` */
 INSERT INTO `lzh_member_moneylog` VALUES ('375','76','37','-100000.00','99900100.00','0.00','0.00','100000.00','对18号定投宝进行了投标','1409066262','222.223.186.203','3','11111111');/* DBReback Separation */
 /* 插入数据 `lzh_member_moneylog` */
 INSERT INTO `lzh_member_moneylog` VALUES ('376','3','17','100000.00','103612895.00','0.00','1007.50','0.00','第18号定投宝已被认购100000元，100000元已入帐','1409066262','222.223.186.203','0','@网站管理员@');/* DBReback Separation */
 /* 插入数据 `lzh_member_moneylog` */
 INSERT INTO `lzh_member_moneylog` VALUES ('377','76','39','100000.00','99900100.00','0.00','100000.00','0.00','您对第18号定投宝投标成功，冻结本金成为待收金额','1409066262','222.223.186.203','3','11111111');/* DBReback Separation */
 /* 插入数据 `lzh_member_moneylog` */
 INSERT INTO `lzh_member_moneylog` VALUES ('378','76','38','750.00','99900100.00','0.00','100750.00','0.00','第18号定投宝应收利息成为待收利息','1409066262','222.223.186.203','3','11111111');/* DBReback Separation */
 /* 插入数据 `lzh_member_moneylog` */
 INSERT INTO `lzh_member_moneylog` VALUES ('379','79','27','10000000.00','10000000.00','0.00','0.00','0.00','管理员手动审核充值','1409109282','222.209.7.186','0','@网站管理员@');/* DBReback Separation */
 /* 插入数据 `lzh_member_moneylog` */
 INSERT INTO `lzh_member_moneylog` VALUES ('380','79','32','30000.00','10030000.00','0.00','0.00','0.00','线下充值奖励','1409109282','222.209.7.186','0','@网站管理员@');/* DBReback Separation */
 /* 插入数据 `lzh_member_moneylog` */
 INSERT INTO `lzh_member_moneylog` VALUES ('381','79','6','-10000.00','10020000.00','0.00','0.00','10000.00','对24号标进行投标','1409109451','222.209.135.12','5','lvmaque');/* DBReback Separation */
 /* 插入数据 `lzh_member_moneylog` */
 INSERT INTO `lzh_member_moneylog` VALUES ('382','5','17','10000.00','100448300.00','0.00','0.00','0.00','第24号标复审通过，借款金额入帐','1409109505','222.209.135.12','0','@网站管理员@');/* DBReback Separation */
 /* 插入数据 `lzh_member_moneylog` */
 INSERT INTO `lzh_member_moneylog` VALUES ('383','5','18','-750.00','100447550.00','0.00','0.00','0.00','第24号标借款成功，扣除借款管理费','1409109505','222.209.135.12','0','@网站管理员@');/* DBReback Separation */
 /* 插入数据 `lzh_member_moneylog` */
 INSERT INTO `lzh_member_moneylog` VALUES ('384','79','20','200.00','10020200.00','0.00','0.00','10000.00','第24号标复审通过，获取投标奖励','1409109505','222.209.135.12','5','lvmaque');/* DBReback Separation */
 /* 插入数据 `lzh_member_moneylog` */
 INSERT INTO `lzh_member_moneylog` VALUES ('385','5','21','-200.00','100447350.00','0.00','0.00','0.00','第24号标复审通过，支付投标奖励','1409109506','222.209.135.12','79','zhouzhou');/* DBReback Separation */
 /* 插入数据 `lzh_member_moneylog` */
 INSERT INTO `lzh_member_moneylog` VALUES ('386','79','15','10000.00','10020200.00','0.00','10000.00','0.00','第24号标复审通过，冻结本金成为待收金额','1409109506','222.209.135.12','5','lvmaque');/* DBReback Separation */
 /* 插入数据 `lzh_member_moneylog` */
 INSERT INTO `lzh_member_moneylog` VALUES ('387','79','28','1000.00','10020200.00','0.00','11000.00','0.00','第24号标复审通过，应收利息成为待收利息','1409109506','222.209.135.12','5','lvmaque');/* DBReback Separation */
 /* 插入数据 `lzh_member_moneylog` */
 INSERT INTO `lzh_member_moneylog` VALUES ('388','79','6','-10000.00','10010200.00','0.00','11000.00','10000.00','对25号标进行投标','1409110086','222.209.7.186','5','lvmaque');/* DBReback Separation */
 /* 插入数据 `lzh_member_moneylog` */
 INSERT INTO `lzh_member_moneylog` VALUES ('389','5','17','10000.00','100457350.00','0.00','0.00','0.00','第25号标复审通过，借款金额入帐','1409110139','222.209.7.186','0','@网站管理员@');/* DBReback Separation */
 /* 插入数据 `lzh_member_moneylog` */
 INSERT INTO `lzh_member_moneylog` VALUES ('390','5','18','-1050.00','100456300.00','0.00','0.00','0.00','第25号标借款成功，扣除借款管理费','1409110139','222.209.7.186','0','@网站管理员@');/* DBReback Separation */
 /* 插入数据 `lzh_member_moneylog` */
 INSERT INTO `lzh_member_moneylog` VALUES ('391','79','15','10000.00','10010200.00','0.00','21000.00','0.00','第25号标复审通过，冻结本金成为待收金额','1409110139','222.209.7.186','5','lvmaque');/* DBReback Separation */
 /* 插入数据 `lzh_member_moneylog` */
 INSERT INTO `lzh_member_moneylog` VALUES ('392','79','28','1173.63','10010200.00','0.00','22173.63','0.00','第25号标复审通过，应收利息成为待收利息','1409110139','222.209.7.186','5','lvmaque');/* DBReback Separation */
 /* 插入数据 `lzh_member_moneylog` */
 INSERT INTO `lzh_member_moneylog` VALUES ('393','79','37','-300000.00','9710200.00','0.00','22173.63','300000.00','对18号定投宝进行了投标','1409110495','222.209.135.12','3','11111111');/* DBReback Separation */
 /* 插入数据 `lzh_member_moneylog` */
 INSERT INTO `lzh_member_moneylog` VALUES ('394','3','17','300000.00','103912895.00','0.00','1007.50','0.00','第18号定投宝已被认购300000元，300000元已入帐','1409110495','222.209.135.12','0','@网站管理员@');/* DBReback Separation */
 /* 插入数据 `lzh_member_moneylog` */
 INSERT INTO `lzh_member_moneylog` VALUES ('395','79','39','300000.00','9710200.00','0.00','322173.63','0.00','您对第18号定投宝投标成功，冻结本金成为待收金额','1409110495','222.209.135.12','3','11111111');/* DBReback Separation */
 /* 插入数据 `lzh_member_moneylog` */
 INSERT INTO `lzh_member_moneylog` VALUES ('396','79','38','2250.00','9710200.00','0.00','324423.63','0.00','第18号定投宝应收利息成为待收利息','1409110495','222.209.135.12','3','11111111');/* DBReback Separation */
 /* 插入数据 `lzh_member_moneylog` */
 INSERT INTO `lzh_member_moneylog` VALUES ('397','5','4','-1000.00','100455300.00','0.00','0.00','1000.00','提现,默认自动扣减手续费5元','1409111828','222.209.7.186','0','@网站管理员@');/* DBReback Separation */
 /* 插入数据 `lzh_member_moneylog` */
 INSERT INTO `lzh_member_moneylog` VALUES ('398','5','36','-1000.00','100455295.00','0.00','0.00','1000.00','提现申请已通过，扣除实际手续费5元，到帐金额1000.00元','1409111883','222.209.7.186','0','@网站管理员@');/* DBReback Separation */
 /* 插入数据 `lzh_member_moneylog` */
 INSERT INTO `lzh_member_moneylog` VALUES ('399','80','27','1000.00','1000.00','0.00','0.00','0.00','管理员手动审核充值','1409211339','119.161.184.11','0','@网站管理员@');/* DBReback Separation */
 /* 插入数据 `lzh_member_moneylog` */
 INSERT INTO `lzh_member_moneylog` VALUES ('400','80','4','-100.00','900.00','0.00','0.00','100.00','提现,默认自动扣减手续费0.5元','1409212039','119.161.184.11','0','@网站管理员@');/* DBReback Separation */
 /* 插入数据 `lzh_member_moneylog` */
 INSERT INTO `lzh_member_moneylog` VALUES ('401','80','36','-100.00','899.50','0.00','0.00','100.00','提现申请已通过，扣除实际手续费0.5元，到帐金额100.00元','1409212322','119.161.184.11','0','@网站管理员@');/* DBReback Separation */
 /* 插入数据 `lzh_member_moneylog` */
 INSERT INTO `lzh_member_moneylog` VALUES ('402','80','4','-100.00','799.50','0.00','0.00','200.00','提现,默认自动扣减手续费0.5元','1409218463','119.161.184.11','0','@网站管理员@');/* DBReback Separation */
 /* 插入数据 `lzh_member_moneylog` */
 INSERT INTO `lzh_member_moneylog` VALUES ('403','80','36','-100.00','799.00','0.00','0.00','200.00','提现申请已通过，扣除实际手续费0.5元，到帐金额100.00元','1409219051','119.161.184.11','0','@网站管理员@');/* DBReback Separation */
 /* 插入数据 `lzh_member_moneylog` */
 INSERT INTO `lzh_member_moneylog` VALUES ('404','80','29','-100.00','799.00','0.00','0.00','100.00','提现成功,扣除实际手续费0.50元，减去冻结资金，到帐金额100.00元','1409219098','119.161.184.11','0','@网站管理员@');/* DBReback Separation */
 /* 插入数据 `lzh_member_moneylog` */
 INSERT INTO `lzh_member_moneylog` VALUES ('405','80','29','-100.00','799.00','0.00','0.00','0.00','提现成功,扣除实际手续费0.50元，减去冻结资金，到帐金额100.00元','1409219208','119.161.184.11','0','@网站管理员@');/* DBReback Separation */
 /* 插入数据 `lzh_member_moneylog` */
 INSERT INTO `lzh_member_moneylog` VALUES ('406','84','27','1000.00','1000.00','0.00','0.00','0.00','管理员手动审核充值','1409389501','118.186.197.214','0','@网站管理员@');/* DBReback Separation */
 /* 插入数据 `lzh_member_moneylog` */
 INSERT INTO `lzh_member_moneylog` VALUES ('407','72','27','50000.00','50000.00','0.00','0.00','0.00','管理员手动审核充值','1409389507','118.186.197.214','0','@网站管理员@');/* DBReback Separation */
 /* 插入数据 `lzh_member_moneylog` */
 INSERT INTO `lzh_member_moneylog` VALUES ('408','72','32','150.00','50150.00','0.00','0.00','0.00','线下充值奖励','1409389507','118.186.197.214','0','@网站管理员@');/* DBReback Separation */
 /* 插入数据 `lzh_member_moneylog` */
 INSERT INTO `lzh_member_moneylog` VALUES ('409','84','7','9999999999999.99','9999999999999.99','0.00','0.00','0.00','0','1409389555','118.186.197.214','0','@网站管理员@');/* DBReback Separation */
 /* 插入数据 `lzh_member_moneylog` */
 INSERT INTO `lzh_member_moneylog` VALUES ('410','84','37','-1000000.00','9999999000000.00','0.00','0.00','1000000.00','对18号定投宝进行了投标','1409389751','222.89.231.18','3','11111111');/* DBReback Separation */
 /* 插入数据 `lzh_member_moneylog` */
 INSERT INTO `lzh_member_moneylog` VALUES ('411','3','17','1000000.00','104912895.00','0.00','1007.50','0.00','第18号定投宝已被认购1000000元，1000000元已入帐','1409389751','222.89.231.18','0','@网站管理员@');/* DBReback Separation */
 /* 插入数据 `lzh_member_moneylog` */
 INSERT INTO `lzh_member_moneylog` VALUES ('412','84','39','1000000.00','9999999000000.00','0.00','1000000.00','0.00','您对第18号定投宝投标成功，冻结本金成为待收金额','1409389751','222.89.231.18','3','11111111');/* DBReback Separation */
 /* 插入数据 `lzh_member_moneylog` */
 INSERT INTO `lzh_member_moneylog` VALUES ('413','84','38','7500.00','9999999000000.00','0.00','1007500.00','0.00','第18号定投宝应收利息成为待收利息','1409389751','222.89.231.18','3','11111111');/* DBReback Separation */
 /* 插入数据 `lzh_member_moneylog` */
 INSERT INTO `lzh_member_moneylog` VALUES ('414','84','6','-1000000.00','9999998000000.00','0.00','1007500.00','1000000.00','对27号标进行投标','1409389924','222.89.231.18','64','ranran');/* DBReback Separation */
 /* 插入数据 `lzh_member_moneylog` */
 INSERT INTO `lzh_member_moneylog` VALUES ('415','84','6','-9000000.00','9999989000000.00','0.00','1007500.00','10000000.00','对27号标进行投标','1409390146','222.89.231.18','64','ranran');/* DBReback Separation */
 /* 插入数据 `lzh_member_moneylog` */
 INSERT INTO `lzh_member_moneylog` VALUES ('416','64','17','10000000.00','1012900000.00','0.00','100750.00','0.00','第27号标复审通过，借款金额入帐','1409392954','118.186.197.214','0','@网站管理员@');/* DBReback Separation */
 /* 插入数据 `lzh_member_moneylog` */
 INSERT INTO `lzh_member_moneylog` VALUES ('417','64','18','-600000.00','1012300000.00','0.00','100750.00','0.00','第27号标借款成功，扣除借款管理费','1409392954','118.186.197.214','0','@网站管理员@');/* DBReback Separation */
 /* 插入数据 `lzh_member_moneylog` */
 INSERT INTO `lzh_member_moneylog` VALUES ('418','84','15','1000000.00','9999989000000.00','0.00','2007500.00','9000000.00','第27号标复审通过，冻结本金成为待收金额','1409392955','118.186.197.214','64','ranran');/* DBReback Separation */
 /* 插入数据 `lzh_member_moneylog` */
 INSERT INTO `lzh_member_moneylog` VALUES ('419','84','28','33516.98','9999989000000.00','0.00','2041016.98','9000000.00','第27号标复审通过，应收利息成为待收利息','1409392955','118.186.197.214','64','ranran');/* DBReback Separation */
 /* 插入数据 `lzh_member_moneylog` */
 INSERT INTO `lzh_member_moneylog` VALUES ('420','84','15','9000000.00','9999989000000.00','0.00','11041016.98','0.00','第27号标复审通过，冻结本金成为待收金额','1409392955','118.186.197.214','64','ranran');/* DBReback Separation */
 /* 插入数据 `lzh_member_moneylog` */
 INSERT INTO `lzh_member_moneylog` VALUES ('421','84','28','301652.85','9999989000000.00','0.00','11342669.83','0.00','第27号标复审通过，应收利息成为待收利息','1409392955','118.186.197.214','64','ranran');/* DBReback Separation */
 /* 插入数据 `lzh_member_moneylog` */
 INSERT INTO `lzh_member_moneylog` VALUES ('422','64','11','-3445056.61','1008854943.39','0.00','100750.00','0.00','对27号标第1期还款','1409392968','118.186.197.214','0','@网站管理员@');/* DBReback Separation */
 /* 插入数据 `lzh_member_moneylog` */
 INSERT INTO `lzh_member_moneylog` VALUES ('423','84','9','344505.66','9999989000000.00','344505.66','10998164.17','0.00','收到会员对27号标第1期的还款','1409392968','118.186.197.214','64','ranran');/* DBReback Separation */
 /* 插入数据 `lzh_member_moneylog` */
 INSERT INTO `lzh_member_moneylog` VALUES ('424','84','23','-1666.67','9999989000000.00','342838.99','10998164.17','0.00','网站已将第27号标第1期还款的利息管理费扣除','1409392968','118.186.197.214','0','@网站管理员@');/* DBReback Separation */
 /* 插入数据 `lzh_member_moneylog` */
 INSERT INTO `lzh_member_moneylog` VALUES ('425','84','9','3100550.95','9999989000000.00','3443389.94','7897613.22','0.00','收到会员对27号标第1期的还款','1409392968','118.186.197.214','64','ranran');/* DBReback Separation */
 /* 插入数据 `lzh_member_moneylog` */
 INSERT INTO `lzh_member_moneylog` VALUES ('426','84','23','-15000.00','9999989000000.00','3428389.94','7897613.22','0.00','网站已将第27号标第1期还款的利息管理费扣除','1409392968','118.186.197.214','0','@网站管理员@');/* DBReback Separation */
 /* 插入数据 `lzh_member_moneylog` */
 INSERT INTO `lzh_member_moneylog` VALUES ('427','64','11','-3445056.61','1005409886.78','0.00','100750.00','0.00','对27号标第2期还款','1409392971','118.186.197.214','0','@网站管理员@');/* DBReback Separation */
 /* 插入数据 `lzh_member_moneylog` */
 INSERT INTO `lzh_member_moneylog` VALUES ('428','84','9','344505.66','9999989000000.00','3772895.60','7553107.56','0.00','收到会员对27号标第2期的还款','1409392971','118.186.197.214','64','ranran');/* DBReback Separation */
 /* 插入数据 `lzh_member_moneylog` */
 INSERT INTO `lzh_member_moneylog` VALUES ('429','84','23','-1120.27','9999989000000.00','3771775.33','7553107.56','0.00','网站已将第27号标第2期还款的利息管理费扣除','1409392971','118.186.197.214','0','@网站管理员@');/* DBReback Separation */
 /* 插入数据 `lzh_member_moneylog` */
 INSERT INTO `lzh_member_moneylog` VALUES ('430','84','9','3100550.95','9999989000000.00','6872326.28','4452556.61','0.00','收到会员对27号标第2期的还款','1409392971','118.186.197.214','64','ranran');/* DBReback Separation */
 /* 插入数据 `lzh_member_moneylog` */
 INSERT INTO `lzh_member_moneylog` VALUES ('431','84','23','-10082.42','9999989000000.00','6862243.86','4452556.61','0.00','网站已将第27号标第2期还款的利息管理费扣除','1409392971','118.186.197.214','0','@网站管理员@');/* DBReback Separation */
 /* 插入数据 `lzh_member_moneylog` */
 INSERT INTO `lzh_member_moneylog` VALUES ('432','64','11','-3445056.61','1001964830.17','0.00','100750.00','0.00','对27号标第3期还款','1409392972','118.186.197.214','0','@网站管理员@');/* DBReback Separation */
 /* 插入数据 `lzh_member_moneylog` */
 INSERT INTO `lzh_member_moneylog` VALUES ('433','84','9','344505.66','9999989000000.00','7206749.52','4108050.95','0.00','收到会员对27号标第3期的还款','1409392972','118.186.197.214','64','ranran');/* DBReback Separation */
 /* 插入数据 `lzh_member_moneylog` */
 INSERT INTO `lzh_member_moneylog` VALUES ('434','84','23','-564.76','9999989000000.00','7206184.76','4108050.95','0.00','网站已将第27号标第3期还款的利息管理费扣除','1409392972','118.186.197.214','0','@网站管理员@');/* DBReback Separation */
 /* 插入数据 `lzh_member_moneylog` */
 INSERT INTO `lzh_member_moneylog` VALUES ('435','84','9','3100550.95','9999989000000.00','10306735.71','1007500.00','0.00','收到会员对27号标第3期的还款','1409392972','118.186.197.214','64','ranran');/* DBReback Separation */
 /* 插入数据 `lzh_member_moneylog` */
 INSERT INTO `lzh_member_moneylog` VALUES ('436','84','23','-5082.87','9999989000000.00','10301652.84','1007500.00','0.00','网站已将第27号标第3期还款的利息管理费扣除','1409392972','118.186.197.214','0','@网站管理员@');/* DBReback Separation */
 /* 插入数据 `lzh_member_moneylog` */
 INSERT INTO `lzh_member_moneylog` VALUES ('437','64','24','0.00','1001964830.17','0.00','100750.00','0.00','网站对27号标还款完成的解冻保证金','1409392972','118.186.197.214','0','@网站管理员@');/* DBReback Separation */
 /* 插入数据 `lzh_member_moneylog` */
 INSERT INTO `lzh_member_moneylog` VALUES ('438','84','6','-1000000.00','9999989000000.00','9301652.84','1007500.00','1000000.00','对28号标进行投标','1409402870','120.213.207.84','64','ranran');/* DBReback Separation */
 /* 插入数据 `lzh_member_moneylog` */
 INSERT INTO `lzh_member_moneylog` VALUES ('439','84','33','1000.00','9999989000000.00','9301652.84','1007500.00','1001000.00','续投有效金额(1000000)的奖励(28号标)预奖励','1409402870','120.213.207.84','0','@网站管理员@');/* DBReback Separation */
 /* 插入数据 `lzh_member_moneylog` */
 INSERT INTO `lzh_member_moneylog` VALUES ('440','64','17','1000000.00','1002964830.17','0.00','100750.00','0.00','第28号标复审通过，借款金额入帐','1409402938','120.213.207.84','0','@网站管理员@');/* DBReback Separation */
 /* 插入数据 `lzh_member_moneylog` */
 INSERT INTO `lzh_member_moneylog` VALUES ('441','64','18','-50000.00','1002914830.17','0.00','100750.00','0.00','第28号标借款成功，扣除借款管理费','1409402938','120.213.207.84','0','@网站管理员@');/* DBReback Separation */
 /* 插入数据 `lzh_member_moneylog` */
 INSERT INTO `lzh_member_moneylog` VALUES ('442','84','15','1000000.00','9999989000000.00','9301652.84','2007500.00','1000.00','第28号标复审通过，冻结本金成为待收金额','1409402938','120.213.207.84','64','ranran');/* DBReback Separation */
 /* 插入数据 `lzh_member_moneylog` */
 INSERT INTO `lzh_member_moneylog` VALUES ('443','84','28','16666.67','9999989000000.00','9301652.84','2024166.67','1000.00','第28号标复审通过，应收利息成为待收利息','1409402938','120.213.207.84','64','ranran');/* DBReback Separation */
 /* 插入数据 `lzh_member_moneylog` */
 INSERT INTO `lzh_member_moneylog` VALUES ('444','84','34','1000.00','9999989001000.00','9301652.84','2024166.67','0.00','续投奖励(28号标)预奖励到账','1409402938','120.213.207.84','0','@网站管理员@');/* DBReback Separation */
 /* 插入数据 `lzh_member_moneylog` */
 INSERT INTO `lzh_member_moneylog` VALUES ('445','64','11','-1016666.67','1001898163.50','0.00','100750.00','0.00','对28号标第1期还款','1409403164','120.213.207.84','0','@网站管理员@');/* DBReback Separation */
 /* 插入数据 `lzh_member_moneylog` */
 INSERT INTO `lzh_member_moneylog` VALUES ('446','84','9','1016666.67','9999989001000.00','10318319.51','1007500.00','0.00','收到会员对28号标第1期的还款','1409403164','120.213.207.84','64','ranran');/* DBReback Separation */
 /* 插入数据 `lzh_member_moneylog` */
 INSERT INTO `lzh_member_moneylog` VALUES ('447','84','23','-1666.67','9999989001000.00','10316652.84','1007500.00','0.00','网站已将第28号标第1期还款的利息管理费扣除','1409403164','120.213.207.84','0','@网站管理员@');/* DBReback Separation */
 /* 插入数据 `lzh_member_moneylog` */
 INSERT INTO `lzh_member_moneylog` VALUES ('448','64','24','0.00','1001898163.50','0.00','100750.00','0.00','网站对28号标还款完成的解冻保证金','1409403164','120.213.207.84','0','@网站管理员@');/* DBReback Separation */
 /* 插入数据 `lzh_member_moneylog` */
 INSERT INTO `lzh_member_moneylog` VALUES ('449','64','27','10000.00','1001908163.50','0.00','100750.00','0.00','管理员手动审核充值','1409546713','118.186.197.214','0','@网站管理员@');/* DBReback Separation */
 /* 插入数据 `lzh_member_moneylog` */
 INSERT INTO `lzh_member_moneylog` VALUES ('450','64','32','20.00','1001908183.50','0.00','100750.00','0.00','线下充值奖励','1409546713','118.186.197.214','0','@网站管理员@');/* DBReback Separation */
 /* 插入数据 `lzh_member_moneylog` */
 INSERT INTO `lzh_member_moneylog` VALUES ('451','72','27','500000.00','550150.00','0.00','0.00','0.00','管理员手动审核充值','1409583080','117.79.232.162','0','@网站管理员@');/* DBReback Separation */
 /* 插入数据 `lzh_member_moneylog` */
 INSERT INTO `lzh_member_moneylog` VALUES ('452','72','32','1500.00','551650.00','0.00','0.00','0.00','线下充值奖励','1409583080','117.79.232.162','0','@网站管理员@');/* DBReback Separation */
 /* 插入数据 `lzh_member_moneylog` */
 INSERT INTO `lzh_member_moneylog` VALUES ('453','72','27','50000.00','601650.00','0.00','0.00','0.00','管理员手动审核充值','1409583087','117.79.232.162','0','@网站管理员@');/* DBReback Separation */
 /* 插入数据 `lzh_member_moneylog` */
 INSERT INTO `lzh_member_moneylog` VALUES ('454','72','32','150.00','601800.00','0.00','0.00','0.00','线下充值奖励','1409583087','117.79.232.162','0','@网站管理员@');/* DBReback Separation */
 /* 插入数据 `lzh_member_moneylog` */
 INSERT INTO `lzh_member_moneylog` VALUES ('455','98','7','1111.00','1111.00','0.00','0.00','0.00','','1410075069','27.189.137.99','0','@网站管理员@');/* DBReback Separation */
 /* 插入数据 `lzh_member_moneylog` */
 INSERT INTO `lzh_member_moneylog` VALUES ('456','98','7','50000.00','51111.00','0.00','0.00','0.00','','1410077516','27.189.137.99','0','@网站管理员@');/* DBReback Separation */
 /* 插入数据 `lzh_member_moneylog` */
 INSERT INTO `lzh_member_moneylog` VALUES ('457','98','7','100000.00','151111.00','0.00','0.00','0.00','','1410077686','27.189.137.99','0','@网站管理员@');/* DBReback Separation */
 /* 插入数据 `lzh_member_moneylog` */
 INSERT INTO `lzh_member_moneylog` VALUES ('458','98','6','-30000.00','121111.00','0.00','0.00','30000.00','对31号标进行投标','1410078242','27.189.137.99','97','chushuang');/* DBReback Separation */
 /* 插入数据 `lzh_member_moneylog` */
 INSERT INTO `lzh_member_moneylog` VALUES ('459','100','7','111111.00','111111.00','0.00','0.00','0.00','','1410078385','27.189.137.99','0','@网站管理员@');/* DBReback Separation */
 /* 插入数据 `lzh_member_moneylog` */
 INSERT INTO `lzh_member_moneylog` VALUES ('460','100','6','-40000.00','71111.00','0.00','0.00','40000.00','对31号标进行投标','1410078522','27.189.137.99','97','chushuang');/* DBReback Separation */
 /* 插入数据 `lzh_member_moneylog` */
 INSERT INTO `lzh_member_moneylog` VALUES ('461','101','7','111111.00','111111.00','0.00','0.00','0.00','','1410078692','27.189.137.99','0','@网站管理员@');/* DBReback Separation */
 /* 插入数据 `lzh_member_moneylog` */
 INSERT INTO `lzh_member_moneylog` VALUES ('462','101','6','-30000.00','81111.00','0.00','0.00','30000.00','对31号标进行投标','1410078872','27.189.137.99','97','chushuang');/* DBReback Separation */
 /* 插入数据 `lzh_member_moneylog` */
 INSERT INTO `lzh_member_moneylog` VALUES ('463','97','17','100000.00','100000.00','0.00','0.00','0.00','第31号标复审通过，借款金额入帐','1410080369','27.189.137.99','0','@网站管理员@');/* DBReback Separation */
 /* 插入数据 `lzh_member_moneylog` */
 INSERT INTO `lzh_member_moneylog` VALUES ('464','97','18','-10500.00','89500.00','0.00','0.00','0.00','第31号标借款成功，扣除借款管理费','1410080369','27.189.137.99','0','@网站管理员@');/* DBReback Separation */
 /* 插入数据 `lzh_member_moneylog` */
 INSERT INTO `lzh_member_moneylog` VALUES ('465','98','15','30000.00','121111.00','0.00','30000.00','0.00','第31号标复审通过，冻结本金成为待收金额','1410080369','27.189.137.99','97','chushuang');/* DBReback Separation */
 /* 插入数据 `lzh_member_moneylog` */
 INSERT INTO `lzh_member_moneylog` VALUES ('466','98','28','3375.00','121111.00','0.00','33375.00','0.00','第31号标复审通过，应收利息成为待收利息','1410080369','27.189.137.99','97','chushuang');/* DBReback Separation */
 /* 插入数据 `lzh_member_moneylog` */
 INSERT INTO `lzh_member_moneylog` VALUES ('467','100','15','40000.00','71111.00','0.00','40000.00','0.00','第31号标复审通过，冻结本金成为待收金额','1410080369','27.189.137.99','97','chushuang');/* DBReback Separation */
 /* 插入数据 `lzh_member_moneylog` */
 INSERT INTO `lzh_member_moneylog` VALUES ('468','100','28','4500.00','71111.00','0.00','44500.00','0.00','第31号标复审通过，应收利息成为待收利息','1410080369','27.189.137.99','97','chushuang');/* DBReback Separation */
 /* 插入数据 `lzh_member_moneylog` */
 INSERT INTO `lzh_member_moneylog` VALUES ('469','101','15','30000.00','81111.00','0.00','30000.00','0.00','第31号标复审通过，冻结本金成为待收金额','1410080369','27.189.137.99','97','chushuang');/* DBReback Separation */
 /* 插入数据 `lzh_member_moneylog` */
 INSERT INTO `lzh_member_moneylog` VALUES ('470','101','28','3375.00','81111.00','0.00','33375.00','0.00','第31号标复审通过，应收利息成为待收利息','1410080369','27.189.137.99','97','chushuang');/* DBReback Separation */
 /* 插入数据 `lzh_member_moneylog` */
 INSERT INTO `lzh_member_moneylog` VALUES ('471','97','4','-50000.00','39500.00','0.00','0.00','50000.00','提现,默认自动扣减手续费250元','1410080551','101.21.19.37','0','@网站管理员@');/* DBReback Separation */
 /* 插入数据 `lzh_member_moneylog` */
 INSERT INTO `lzh_member_moneylog` VALUES ('472','97','4','-39500.00','0.00','0.00','0.00','89500.00','提现,默认自动扣减手续费197.5元','1410080573','101.21.19.37','0','@网站管理员@');/* DBReback Separation */
 /* 插入数据 `lzh_member_moneylog` */
 INSERT INTO `lzh_member_moneylog` VALUES ('473','97','36','-39500.00','0.00','0.00','0.00','89302.50','提现申请已通过，扣除实际手续费197.5元，到帐金额39302.5元','1410080769','27.189.137.99','0','@网站管理员@');/* DBReback Separation */
 /* 插入数据 `lzh_member_moneylog` */
 INSERT INTO `lzh_member_moneylog` VALUES ('474','97','36','-50000.00','0.00','0.00','0.00','89052.50','提现申请已通过，扣除实际手续费250元，到帐金额49750元','1410080804','27.189.137.99','0','@网站管理员@');/* DBReback Separation */
 /* 插入数据 `lzh_member_moneylog` */
 INSERT INTO `lzh_member_moneylog` VALUES ('475','104','27','600000.00','600000.00','0.00','0.00','0.00','管理员手动审核充值','1410341841','112.65.17.206','0','@网站管理员@');/* DBReback Separation */
 /* 插入数据 `lzh_member_moneylog` */
 INSERT INTO `lzh_member_moneylog` VALUES ('476','104','27','600000.00','1200000.00','0.00','0.00','0.00','管理员手动审核充值','1410341846','112.65.17.206','0','@网站管理员@');/* DBReback Separation */
 /* 插入数据 `lzh_member_moneylog` */
 INSERT INTO `lzh_member_moneylog` VALUES ('477','104','27','600000.00','1800000.00','0.00','0.00','0.00','管理员手动审核充值','1410341850','112.65.17.206','0','@网站管理员@');/* DBReback Separation */
 /* 插入数据 `lzh_member_moneylog` */
 INSERT INTO `lzh_member_moneylog` VALUES ('478','104','27','600000.00','2400000.00','0.00','0.00','0.00','管理员手动审核充值','1410341859','112.65.17.206','0','@网站管理员@');/* DBReback Separation */
 /* 插入数据 `lzh_member_moneylog` */
 INSERT INTO `lzh_member_moneylog` VALUES ('479','104','32','1800.00','2401800.00','0.00','0.00','0.00','线下充值奖励','1410341859','112.65.17.206','0','@网站管理员@');/* DBReback Separation */
 /* 插入数据 `lzh_member_moneylog` */
 INSERT INTO `lzh_member_moneylog` VALUES ('480','104','27','99999999.00','102401799.00','0.00','0.00','0.00','管理员手动审核充值','1410341980','112.65.17.206','0','@网站管理员@');/* DBReback Separation */
 /* 插入数据 `lzh_member_moneylog` */
 INSERT INTO `lzh_member_moneylog` VALUES ('481','104','32','300000.00','102701799.00','0.00','0.00','0.00','线下充值奖励','1410341980','112.65.17.206','0','@网站管理员@');/* DBReback Separation */
 /* 插入数据 `lzh_member_moneylog` */
 INSERT INTO `lzh_member_moneylog` VALUES ('482','104','37','-6000000.00','96701799.00','0.00','0.00','6000000.00','对18号定投宝进行了投标','1410342008','112.65.17.206','3','11111111');/* DBReback Separation */
 /* 插入数据 `lzh_member_moneylog` */
 INSERT INTO `lzh_member_moneylog` VALUES ('483','3','17','6000000.00','110912895.00','0.00','1007.50','0.00','第18号定投宝已被认购6000000元，6000000元已入帐','1410342008','112.65.17.206','0','@网站管理员@');/* DBReback Separation */
 /* 插入数据 `lzh_member_moneylog` */
 INSERT INTO `lzh_member_moneylog` VALUES ('484','104','39','6000000.00','96701799.00','0.00','6000000.00','0.00','您对第18号定投宝投标成功，冻结本金成为待收金额','1410342008','112.65.17.206','3','11111111');/* DBReback Separation */
 /* 插入数据 `lzh_member_moneylog` */
 INSERT INTO `lzh_member_moneylog` VALUES ('485','104','38','45000.00','96701799.00','0.00','6045000.00','0.00','第18号定投宝应收利息成为待收利息','1410342008','112.65.17.206','3','11111111');/* DBReback Separation */
 /* 插入数据 `lzh_member_moneylog` */
 INSERT INTO `lzh_member_moneylog` VALUES ('486','105','27','5000000.00','5000000.00','0.00','0.00','0.00','管理员手动审核充值','1410343493','112.65.17.206','0','@网站管理员@');/* DBReback Separation */
 /* 插入数据 `lzh_member_moneylog` */
 INSERT INTO `lzh_member_moneylog` VALUES ('487','105','37','-50000.00','4950000.00','0.00','0.00','50000.00','对27号定投宝进行了投标','1410343632','112.65.17.206','104','test0910');/* DBReback Separation */
 /* 插入数据 `lzh_member_moneylog` */
 INSERT INTO `lzh_member_moneylog` VALUES ('488','104','17','50000.00','96751799.00','0.00','6045000.00','0.00','第27号定投宝已被认购50000元，50000元已入帐','1410343632','112.65.17.206','0','@网站管理员@');/* DBReback Separation */
 /* 插入数据 `lzh_member_moneylog` */
 INSERT INTO `lzh_member_moneylog` VALUES ('489','105','39','50000.00','4950000.00','0.00','50000.00','0.00','您对第27号定投宝投标成功，冻结本金成为待收金额','1410343632','112.65.17.206','104','test0910');/* DBReback Separation */
 /* 插入数据 `lzh_member_moneylog` */
 INSERT INTO `lzh_member_moneylog` VALUES ('490','105','38','750.00','4950000.00','0.00','50750.00','0.00','第27号定投宝应收利息成为待收利息','1410343632','112.65.17.206','104','test0910');/* DBReback Separation */
 /* 插入数据 `lzh_member_moneylog` */
 INSERT INTO `lzh_member_moneylog` VALUES ('491','19','37','-500000.00','99800000.00','0.00','0.00','500000.00','对18号定投宝进行了投标','1410423700','61.176.122.113','3','11111111');/* DBReback Separation */
 /* 插入数据 `lzh_member_moneylog` */
 INSERT INTO `lzh_member_moneylog` VALUES ('492','3','17','500000.00','111412895.00','0.00','1007.50','0.00','第18号定投宝已被认购500000元，500000元已入帐','1410423700','61.176.122.113','0','@网站管理员@');/* DBReback Separation */
 /* 插入数据 `lzh_member_moneylog` */
 INSERT INTO `lzh_member_moneylog` VALUES ('493','19','39','500000.00','99800000.00','0.00','500000.00','0.00','您对第18号定投宝投标成功，冻结本金成为待收金额','1410423700','61.176.122.113','3','11111111');/* DBReback Separation */
 /* 插入数据 `lzh_member_moneylog` */
 INSERT INTO `lzh_member_moneylog` VALUES ('494','19','38','3750.00','99800000.00','0.00','503750.00','0.00','第18号定投宝应收利息成为待收利息','1410423700','61.176.122.113','3','11111111');/* DBReback Separation */
 /* 插入数据 `lzh_member_moneylog` */
 INSERT INTO `lzh_member_moneylog` VALUES ('495','92','27','100.00','100.00','0.00','0.00','0.00','管理员手动审核充值','1410511117','27.190.18.137','0','@网站管理员@');/* DBReback Separation */
 /* 插入数据 `lzh_member_moneylog` */
 INSERT INTO `lzh_member_moneylog` VALUES ('496','97','12','39500.00','0.00','39500.00','0.00','49750.00','提现未通过,返还,其中提现金额：39500.00元，手续费：197.50元','1410511162','27.190.18.137','0','@网站管理员@');/* DBReback Separation */ 
 /* 数据表结构 `lzh_member_msg`*/ 
 DROP TABLE IF EXISTS `lzh_member_msg`;/* DBReback Separation */ 
 CREATE TABLE `lzh_member_msg` (
  `id` int(11) NOT NULL AUTO_INCREMENT,
  `from_uid` int(11) NOT NULL,
  `from_uname` varchar(20) NOT NULL,
  `to_uid` int(11) NOT NULL,
  `to_uname` varchar(20) NOT NULL,
  `title` varchar(50) NOT NULL,
  `msg` varchar(2000) NOT NULL,
  `add_time` int(10) unsigned NOT NULL,
  `is_read` tinyint(3) unsigned NOT NULL DEFAULT '0',
  `type` smallint(6) NOT NULL,
  `to_del` tinyint(4) NOT NULL DEFAULT '0',
  `from_del` tinyint(4) NOT NULL DEFAULT '0',
  PRIMARY KEY (`id`)
) ENGINE=MyISAM DEFAULT CHARSET=utf8;/* DBReback Separation */ 
 /* 数据表结构 `lzh_member_payonline`*/ 
 DROP TABLE IF EXISTS `lzh_member_payonline`;/* DBReback Separation */ 
 CREATE TABLE `lzh_member_payonline` (
  `id` int(10) unsigned NOT NULL AUTO_INCREMENT,
  `uid` int(10) unsigned NOT NULL,
  `nid` char(32) NOT NULL,
  `money` decimal(15,2) NOT NULL,
  `fee` decimal(8,2) NOT NULL,
  `way` varchar(20) NOT NULL,
  `status` tinyint(4) NOT NULL DEFAULT '0',
  `add_time` int(10) unsigned NOT NULL,
  `add_ip` varchar(16) NOT NULL,
  `tran_id` varchar(50) NOT NULL,
  `off_bank` varchar(50) NOT NULL,
  `off_way` varchar(100) NOT NULL,
  `deal_user` varchar(40) NOT NULL,
  `deal_uid` int(11) NOT NULL,
  `payimg` varchar(1000) NOT NULL COMMENT '上传打款凭证',
  PRIMARY KEY (`id`),
  KEY `uid` (`uid`,`status`,`nid`,`id`),
  KEY `uid_2` (`uid`,`money`,`add_time`)
) ENGINE=MyISAM AUTO_INCREMENT=89 DEFAULT CHARSET=utf8;/* DBReback Separation */
 /* 插入数据 `lzh_member_payonline` */
 INSERT INTO `lzh_member_payonline` VALUES ('1','1','bcb1d0b8b30f1beb296620291838d158','100.00','0.00','ecpss','1','1402713096','192.168.0.109','','','','admin','113','');/* DBReback Separation */
 /* 插入数据 `lzh_member_payonline` */
 INSERT INTO `lzh_member_payonline` VALUES ('2','1','919b9d336bbeeea6dc705f2172b2b4ea','100.00','0.00','ecpss','1','1402713298','192.168.0.109','','','','admin','113','');/* DBReback Separation */
 /* 插入数据 `lzh_member_payonline` */
 INSERT INTO `lzh_member_payonline` VALUES ('3','1','34aed77532a9595c859f00ab653c5efc','100.00','0.00','ecpss','1','1402713312','192.168.0.109','','','','admin','113','');/* DBReback Separation */
 /* 插入数据 `lzh_member_payonline` */
 INSERT INTO `lzh_member_payonline` VALUES ('4','1','99d2cf59da8ab9c1c408afbee3e843a4','100.00','0.00','ecpss','1','1402713365','192.168.0.109','','','','admin','113','');/* DBReback Separation */
 /* 插入数据 `lzh_member_payonline` */
 INSERT INTO `lzh_member_payonline` VALUES ('5','1','2d471b9945ed107da358b436e75e2ed4','524.00','0.00','ecpss','1','1402713371','192.168.0.109','','','','admin','113','');/* DBReback Separation */
 /* 插入数据 `lzh_member_payonline` */
 INSERT INTO `lzh_member_payonline` VALUES ('6','1','b83f3083909d417e4a8f31ed4e17fed0','456345.00','0.00','ecpss','1','1402713394','192.168.0.109','','','','admin','113','');/* DBReback Separation */
 /* 插入数据 `lzh_member_payonline` */
 INSERT INTO `lzh_member_payonline` VALUES ('7','1','offline','11.00','0.00','off','1','1402713417','192.168.0.109','546464869','中国银行 开户名：张三','','admin','113','a:1:{i:0;s:42:\"/UF/Uploads/PayImg/1/20140614103652882.gif\";}');/* DBReback Separation */
 /* 插入数据 `lzh_member_payonline` */
 INSERT INTO `lzh_member_payonline` VALUES ('8','1','offline','4524.00','0.00','off','1','1402713444','192.168.0.109','4524','中国银行 开户名：张三','452','admin','113','a:1:{i:0;s:42:\"/UF/Uploads/PayImg/1/20140614103721320.gif\";}');/* DBReback Separation */
 /* 插入数据 `lzh_member_payonline` */
 INSERT INTO `lzh_member_payonline` VALUES ('9','5','offline','100000000.00','0.00','off','1','1402714054','192.168.0.114','000','中国银行 开户名：张三','','admin','113','a:1:{i:0;s:42:\"/UF/Uploads/PayImg/5/20140614104727238.jpg\";}');/* DBReback Separation */
 /* 插入数据 `lzh_member_payonline` */
 INSERT INTO `lzh_member_payonline` VALUES ('10','8','offline','200000.00','0.00','off','1','1402715189','192.168.0.119','123','中国银行 开户名：张三','123','admin','113','a:1:{i:0;s:42:\"/UF/Uploads/PayImg/8/20140614110626595.gif\";}');/* DBReback Separation */
 /* 插入数据 `lzh_member_payonline` */
 INSERT INTO `lzh_member_payonline` VALUES ('11','3','offline','100000000.00','0.00','off','1','1402715620','192.168.0.135','12345678','中国银行 开户名：张三','汇款呗','admin','113','');/* DBReback Separation */
 /* 插入数据 `lzh_member_payonline` */
 INSERT INTO `lzh_member_payonline` VALUES ('12','10','offline','9900.00','0.00','off','1','1402715887','192.168.0.110','546348','中国银行 开户名：张三','3683823','admin','113','');/* DBReback Separation */
 /* 插入数据 `lzh_member_payonline` */
 INSERT INTO `lzh_member_payonline` VALUES ('13','10','offline','747.00','0.00','off','1','1402715918','192.168.0.110','587687','中国银行 开户名：张三','5876876','admin','113','');/* DBReback Separation */
 /* 插入数据 `lzh_member_payonline` */
 INSERT INTO `lzh_member_payonline` VALUES ('14','2','e36a8b7962a1f8ea7c396450cebd9891','500.00','0.00','ecpss','1','1402716290','192.168.0.125','','','','admin','113','');/* DBReback Separation */
 /* 插入数据 `lzh_member_payonline` */
 INSERT INTO `lzh_member_payonline` VALUES ('15','2','offline','1000.00','0.00','off','1','1402716316','192.168.0.125','1000000','中国银行 开户名：张三','10000','admin','113','a:1:{i:0;s:42:\"/UF/Uploads/PayImg/2/20140614112513985.jpg\";}');/* DBReback Separation */
 /* 插入数据 `lzh_member_payonline` */
 INSERT INTO `lzh_member_payonline` VALUES ('16','2','offline','500.00','0.00','off','1','1402716367','192.168.0.125','121212','中国银行 开户名：张三','12','admin','113','');/* DBReback Separation */
 /* 插入数据 `lzh_member_payonline` */
 INSERT INTO `lzh_member_payonline` VALUES ('17','2','offline','121.00','0.00','off','1','1402716399','192.168.0.125','1212','中国银行 开户名：张三','21','admin','113','');/* DBReback Separation */
 /* 插入数据 `lzh_member_payonline` */
 INSERT INTO `lzh_member_payonline` VALUES ('18','11','offline','10000.00','0.00','off','1','1402716530','192.168.0.139','1111','中国银行 开户名：张三','111','admin','113','');/* DBReback Separation */
 /* 插入数据 `lzh_member_payonline` */
 INSERT INTO `lzh_member_payonline` VALUES ('19','9','offline','10.00','0.00','off','1','1402716621','192.168.0.107','100','中国银行 开户名：张三','gfh','admin','113','');/* DBReback Separation */
 /* 插入数据 `lzh_member_payonline` */
 INSERT INTO `lzh_member_payonline` VALUES ('20','9','offline','12.00','0.00','off','1','1402716731','192.168.0.107','324324','中国银行 开户名：张三','32423','admin','113','a:1:{i:0;s:42:\"/UF/Uploads/PayImg/9/20140614113127194.png\";}');/* DBReback Separation */
 /* 插入数据 `lzh_member_payonline` */
 INSERT INTO `lzh_member_payonline` VALUES ('21','10','offline','452543245.00','0.00','off','1','1402716738','192.168.0.110','282378325473','中国银行 开户名：张三','543254354354','admin','113','');/* DBReback Separation */
 /* 插入数据 `lzh_member_payonline` */
 INSERT INTO `lzh_member_payonline` VALUES ('22','9','e204a50d323ffac2fc6a4e65ca9f8500','50.00','0.00','ecpss','1','1402716746','192.168.0.107','','','','admin','113','');/* DBReback Separation */
 /* 插入数据 `lzh_member_payonline` */
 INSERT INTO `lzh_member_payonline` VALUES ('23','9','c57d4561f1baebffb35d7b23851c421f','50.00','0.00','ecpss','1','1402716765','192.168.0.107','','','','admin','113','');/* DBReback Separation */
 /* 插入数据 `lzh_member_payonline` */
 INSERT INTO `lzh_member_payonline` VALUES ('24','9','7f90439d6bc0f116cea44eefa2e21c34','50.00','0.00','ecpss','1','1402716861','192.168.0.107','','','','admin','113','');/* DBReback Separation */
 /* 插入数据 `lzh_member_payonline` */
 INSERT INTO `lzh_member_payonline` VALUES ('25','9','3568694b4c9edae09dac768eee8a0c2e','5555.00','0.00','ecpss','1','1402716875','192.168.0.107','','','','admin','113','');/* DBReback Separation */
 /* 插入数据 `lzh_member_payonline` */
 INSERT INTO `lzh_member_payonline` VALUES ('26','9','24d5e7d103c973a58791917f2d28af06','28000.00','0.00','ecpss','1','1402716911','192.168.0.107','','','','admin','113','');/* DBReback Separation */
 /* 插入数据 `lzh_member_payonline` */
 INSERT INTO `lzh_member_payonline` VALUES ('27','9','3201cf7008713baf8bc7e7f6f405117a','28000.00','0.00','ecpss','1','1402716963','192.168.0.107','','','','admin','113','');/* DBReback Separation */
 /* 插入数据 `lzh_member_payonline` */
 INSERT INTO `lzh_member_payonline` VALUES ('28','9','fef203b25225a04ce979a7997f015580','28000.00','0.00','ecpss','1','1402717000','192.168.0.107','','','','admin','113','');/* DBReback Separation */
 /* 插入数据 `lzh_member_payonline` */
 INSERT INTO `lzh_member_payonline` VALUES ('29','9','offline','1800.00','0.00','off','1','1402717147','192.168.0.107','100','中国银行 开户名：张三','柜台汇款','admin','113','');/* DBReback Separation */
 /* 插入数据 `lzh_member_payonline` */
 INSERT INTO `lzh_member_payonline` VALUES ('30','9','offline','1900.00','0.00','off','1','1402717237','192.168.0.107','12','中国银行 开户名：张三','柜台汇款','admin','113','');/* DBReback Separation */
 /* 插入数据 `lzh_member_payonline` */
 INSERT INTO `lzh_member_payonline` VALUES ('31','9','offline','1.00','0.00','off','1','1402717251','192.168.0.107','1','中国银行 开户名：张三','','admin','113','');/* DBReback Separation */
 /* 插入数据 `lzh_member_payonline` */
 INSERT INTO `lzh_member_payonline` VALUES ('32','11','18274ab9ce3368a8f34b04b5fe6e87a3','100.00','0.00','ecpss','0','1402717601','192.168.0.139','','','','','0','');/* DBReback Separation */
 /* 插入数据 `lzh_member_payonline` */
 INSERT INTO `lzh_member_payonline` VALUES ('33','9','fea7bda8d279d9b4f144ed849f1104ee','50.00','0.00','ecpss','1','1402717672','192.168.0.107','','','','admin','113','');/* DBReback Separation */
 /* 插入数据 `lzh_member_payonline` */
 INSERT INTO `lzh_member_payonline` VALUES ('34','9','b1b360a2fe3aceff54fbc61825cb35bb','50.00','0.00','ecpss','0','1402717711','192.168.0.107','','','','','0','');/* DBReback Separation */
 /* 插入数据 `lzh_member_payonline` */
 INSERT INTO `lzh_member_payonline` VALUES ('35','5','565e41eca420ce501286af139d5a4461','10000.00','0.00','ecpss','0','1402727891','192.168.0.114','','','','','0','');/* DBReback Separation */
 /* 插入数据 `lzh_member_payonline` */
 INSERT INTO `lzh_member_payonline` VALUES ('36','13','offline','1000.00','0.00','off','0','1402728844','192.168.0.117','123456789','中国银行 开户名：张三','121212','','0','');/* DBReback Separation */
 /* 插入数据 `lzh_member_payonline` */
 INSERT INTO `lzh_member_payonline` VALUES ('37','13','a46fae555fc7ac4e8bc88adc71c9beae','80.00','0.00','allinpay','0','1403262507','222.174.71.186','','','','','0','');/* DBReback Separation */
 /* 插入数据 `lzh_member_payonline` */
 INSERT INTO `lzh_member_payonline` VALUES ('38','13','519cd3db328163219d02325de25f0695','70.00','0.00','allinpay','1','1403262948','222.174.71.186','20140620191548571534','','','','0','');/* DBReback Separation */
 /* 插入数据 `lzh_member_payonline` */
 INSERT INTO `lzh_member_payonline` VALUES ('39','13','c3f908a21f4c7e8946f3fa6a9751ba29','80.00','0.00','allinpay','1','1403262971','222.174.71.186','20140620191611310779','','','','0','');/* DBReback Separation */
 /* 插入数据 `lzh_member_payonline` */
 INSERT INTO `lzh_member_payonline` VALUES ('40','13','8bf75b591fa9170fcdd1e2ef885e545b','100.00','0.00','allinpay','1','1403263023','222.174.71.186','20140620191703823044','','','','0','');/* DBReback Separation */
 /* 插入数据 `lzh_member_payonline` */
 INSERT INTO `lzh_member_payonline` VALUES ('41','13','10fe7f003406bb16fbbd632c13a912bc','250.00','0.00','allinpay','1','1403263244','222.174.71.186','20140620192044353755','','','','0','');/* DBReback Separation */
 /* 插入数据 `lzh_member_payonline` */
 INSERT INTO `lzh_member_payonline` VALUES ('42','13','370e55221e218009eb1f178e50e6457b','105.00','0.00','allinpay','1','1403317475','222.174.71.186','20140621102435988180','','','','0','');/* DBReback Separation */
 /* 插入数据 `lzh_member_payonline` */
 INSERT INTO `lzh_member_payonline` VALUES ('43','13','7978e8d4fbe8c3c7dcd2e064e31caab1','50.00','0.00','ecpss','1','1403586732','123.150.217.213','','','','ceshi','119','');/* DBReback Separation */
 /* 插入数据 `lzh_member_payonline` */
 INSERT INTO `lzh_member_payonline` VALUES ('44','21','offline','200000.00','0.00','off','1','1404554430','60.161.178.63','21231233453','中国银行 开户名：张三','网银','ceshi','119','a:1:{i:0;s:43:\"/UF/Uploads/PayImg/21/20140705180028116.jpg\";}');/* DBReback Separation */
 /* 插入数据 `lzh_member_payonline` */
 INSERT INTO `lzh_member_payonline` VALUES ('45','22','206f2ce1abba91d0fa7a1739f47b3526','68.00','0.00','ecpss','0','1404268005','171.8.15.203','','','','','0','');/* DBReback Separation */
 /* 插入数据 `lzh_member_payonline` */
 INSERT INTO `lzh_member_payonline` VALUES ('46','22','be5b197ffc64dc0f3aa1ae9a0879a5c8','68.00','0.00','allinpay','0','1404268016','171.8.15.203','','','','','0','');/* DBReback Separation */
 /* 插入数据 `lzh_member_payonline` */
 INSERT INTO `lzh_member_payonline` VALUES ('47','25','93ba570479e6f9ac9e3ac77e013b8482','1000.00','0.00','ecpss','0','1404455420','60.210.44.136','','','','','0','');/* DBReback Separation */
 /* 插入数据 `lzh_member_payonline` */
 INSERT INTO `lzh_member_payonline` VALUES ('48','25','2e873df3e28a693adf43d8f317f17131','1000.00','0.00','allinpay','1','1404455469','60.210.44.136','','','','ceshi','119','');/* DBReback Separation */
 /* 插入数据 `lzh_member_payonline` */
 INSERT INTO `lzh_member_payonline` VALUES ('49','32','offline','210000.00','0.00','off','1','1404658141','112.114.65.56','6564645','中国银行 开户名：张三','','ceshi','119','a:1:{i:0;s:43:\"/UF/Uploads/PayImg/32/20140706224858187.jpg\";}');/* DBReback Separation */
 /* 插入数据 `lzh_member_payonline` */
 INSERT INTO `lzh_member_payonline` VALUES ('50','32','offline','2150000.00','0.00','off','1','1404658240','112.114.65.56','637567564','建设银行 开户名：李四','','ceshi','119','a:1:{i:0;s:43:\"/UF/Uploads/PayImg/32/20140706225037948.jpg\";}');/* DBReback Separation */
 /* 插入数据 `lzh_member_payonline` */
 INSERT INTO `lzh_member_payonline` VALUES ('51','39','a79885a24f81c2288a1cd441f33d7a81','50.00','0.00','ecpss','0','1405137915','14.204.26.162','','','','','0','');/* DBReback Separation */
 /* 插入数据 `lzh_member_payonline` */
 INSERT INTO `lzh_member_payonline` VALUES ('52','39','ca110faca79a6ef4ecb0413651da7a9f','50.00','0.00','allinpay','0','1405137929','14.204.26.162','','','','','0','');/* DBReback Separation */
 /* 插入数据 `lzh_member_payonline` */
 INSERT INTO `lzh_member_payonline` VALUES ('53','39','c3499d01f274be700f0fef0f464adb55','50.00','0.00','ecpss','0','1405137942','14.204.26.162','','','','','0','');/* DBReback Separation */
 /* 插入数据 `lzh_member_payonline` */
 INSERT INTO `lzh_member_payonline` VALUES ('54','41','offline','10000000.00','0.00','off','1','1405409917','106.37.234.246','123','中国银行 开户名：张三','网银','ceshi','119','');/* DBReback Separation */
 /* 插入数据 `lzh_member_payonline` */
 INSERT INTO `lzh_member_payonline` VALUES ('55','48','ffd72bce2033cb343e9c2ad33ece390d','50.00','0.00','ecpss','0','1406331443','123.151.186.214','','','','','0','');/* DBReback Separation */
 /* 插入数据 `lzh_member_payonline` */
 INSERT INTO `lzh_member_payonline` VALUES ('56','48','beb41b9ce082db3f7991303f9cffe5eb','50.00','0.00','allinpay','0','1406331458','123.151.186.214','','','','','0','');/* DBReback Separation */
 /* 插入数据 `lzh_member_payonline` */
 INSERT INTO `lzh_member_payonline` VALUES ('57','52','514e4a47983c41fcd2dd57f2b5329807','10000.00','0.00','allinpay','1','1406363241','223.68.162.146','','','','ceshi','119','');/* DBReback Separation */
 /* 插入数据 `lzh_member_payonline` */
 INSERT INTO `lzh_member_payonline` VALUES ('58','54','offline','2000000.00','0.00','off','1','1406520554','118.186.197.214','sdsd','中国银行 开户名：张三','sddsds','ceshi','119','');/* DBReback Separation */
 /* 插入数据 `lzh_member_payonline` */
 INSERT INTO `lzh_member_payonline` VALUES ('59','54','offline','10000000.00','0.00','off','1','1406521004','118.186.197.214','dwdwd','中国银行 开户名：张三','dwdsdsds','ceshi','119','');/* DBReback Separation */
 /* 插入数据 `lzh_member_payonline` */
 INSERT INTO `lzh_member_payonline` VALUES ('60','54','offline','10000000.00','0.00','off','1','1406775889','118.186.197.214','vef','中国银行 开户名：张三','fef','ceshi','119','');/* DBReback Separation */
 /* 插入数据 `lzh_member_payonline` */
 INSERT INTO `lzh_member_payonline` VALUES ('61','57','a959609c16187bc47bb8bcc348e9dd82','1000.00','0.00','allinpay','0','1406845617','171.8.220.60','','','','','0','');/* DBReback Separation */
 /* 插入数据 `lzh_member_payonline` */
 INSERT INTO `lzh_member_payonline` VALUES ('62','57','b9f686962ce648655f43ec05651226c4','1000.00','0.00','ecpss','0','1406845633','171.8.220.60','','','','','0','');/* DBReback Separation */
 /* 插入数据 `lzh_member_payonline` */
 INSERT INTO `lzh_member_payonline` VALUES ('63','53','offline','10975678.00','0.00','off','1','1406967017','222.174.71.186','223456','中国银行 开户名：张三','atm','admin','113','');/* DBReback Separation */
 /* 插入数据 `lzh_member_payonline` */
 INSERT INTO `lzh_member_payonline` VALUES ('64','53','ecdcff692557a5529f4de45e07cae883','100.00','0.00','ecpss','0','1406967246','222.174.71.186','','','','','0','');/* DBReback Separation */
 /* 插入数据 `lzh_member_payonline` */
 INSERT INTO `lzh_member_payonline` VALUES ('65','64','offline','1000000.00','0.00','off','0','1407141801','118.186.197.214','1000000','中国银行 开户名：张三','网银转帐','','0','a:1:{i:0;s:43:\"/UF/Uploads/PayImg/64/20140804164304707.png\";}');/* DBReback Separation */
 /* 插入数据 `lzh_member_payonline` */
 INSERT INTO `lzh_member_payonline` VALUES ('66','66','offline','100000.00','0.00','off','1','1407240066','222.174.71.186','33334455','中国银行 开户名：张三','ATM','admin','113','');/* DBReback Separation */
 /* 插入数据 `lzh_member_payonline` */
 INSERT INTO `lzh_member_payonline` VALUES ('67','55','offline','180000000.00','0.00','off','1','1407300193','118.186.197.214','234','建设银行 开户名：李四','we45','admin','113','');/* DBReback Separation */
 /* 插入数据 `lzh_member_payonline` */
 INSERT INTO `lzh_member_payonline` VALUES ('68','64','offline','1000000000.00','0.00','off','1','1407311344','118.186.197.214','11','中国银行 开户名：张三','111','admin','113','a:1:{i:0;s:43:\"/UF/Uploads/PayImg/64/20140806154902307.jpg\";}');/* DBReback Separation */
 /* 插入数据 `lzh_member_payonline` */
 INSERT INTO `lzh_member_payonline` VALUES ('69','19','offline','100000000.00','0.00','off','1','1407552309','60.23.186.110','56465','中国银行 开户名：张三','65465','ceshi','119','');/* DBReback Separation */
 /* 插入数据 `lzh_member_payonline` */
 INSERT INTO `lzh_member_payonline` VALUES ('70','72','c52fc6fba4a281a8afc5f0aabeaacb9b','50000.00','0.00','ecpss','3','1408452179','222.181.54.105','','','','ceshi','119','');/* DBReback Separation */
 /* 插入数据 `lzh_member_payonline` */
 INSERT INTO `lzh_member_payonline` VALUES ('71','72','offline','50000.00','0.00','off','1','1408452269','222.181.54.105','1','中国银行 开户名：张三','柜台汇款','admin','113','');/* DBReback Separation */
 /* 插入数据 `lzh_member_payonline` */
 INSERT INTO `lzh_member_payonline` VALUES ('72','72','offline','500000.00','0.00','off','1','1408453224','222.181.54.105','1','中国银行 开户名：张三','柜台汇款','admin','113','');/* DBReback Separation */
 /* 插入数据 `lzh_member_payonline` */
 INSERT INTO `lzh_member_payonline` VALUES ('73','72','offline','50000.00','0.00','off','1','1408453301','222.181.54.105','1','中国银行 开户名：张三','柜台汇款','admin','113','');/* DBReback Separation */
 /* 插入数据 `lzh_member_payonline` */
 INSERT INTO `lzh_member_payonline` VALUES ('74','15','137f6ab10f11be0fc1099e1a13f192ac','10000.00','0.00','chinabank','0','1408673239','222.174.71.186','','','','','0','');/* DBReback Separation */
 /* 插入数据 `lzh_member_payonline` */
 INSERT INTO `lzh_member_payonline` VALUES ('75','74','4bbe3d8215b880b815c74bd9bb664f30','50.00','0.00','chinabank','1','1408693342','61.178.231.37','','','','ceshi','119','');/* DBReback Separation */
 /* 插入数据 `lzh_member_payonline` */
 INSERT INTO `lzh_member_payonline` VALUES ('76','76','4aba6eb2281ce753042a213e5c8c4ee1','100.00','0.00','allinpay','1','1409065795','222.223.186.203','20140826230955218468','','','','0','');/* DBReback Separation */
 /* 插入数据 `lzh_member_payonline` */
 INSERT INTO `lzh_member_payonline` VALUES ('77','79','offline','10000000.00','0.00','off','1','1409109253','222.209.135.12','1322135465464','中国银行 开户名：张三','转账','ceshi','119','');/* DBReback Separation */
 /* 插入数据 `lzh_member_payonline` */
 INSERT INTO `lzh_member_payonline` VALUES ('78','80','offline','1000.00','0.00','off','1','1409211233','119.161.184.11','111','中国银行 开户名：张三','柜台','ceshi','119','');/* DBReback Separation */
 /* 插入数据 `lzh_member_payonline` */
 INSERT INTO `lzh_member_payonline` VALUES ('79','84','offline','1000.00','0.00','off','1','1409389277','222.89.231.18','123456','中国银行 开户名：张三','','admin','113','');/* DBReback Separation */
 /* 插入数据 `lzh_member_payonline` */
 INSERT INTO `lzh_member_payonline` VALUES ('80','64','offline','10000.00','0.00','off','1','1409546609','118.186.197.214','111','中国银行 开户名：张三','11','admin','113','');/* DBReback Separation */
 /* 插入数据 `lzh_member_payonline` */
 INSERT INTO `lzh_member_payonline` VALUES ('81','92','ad94049c6fdaa7829a65789cb404453a','100.00','0.00','chinabank','0','1409733901','118.194.246.50','','','','','0','');/* DBReback Separation */
 /* 插入数据 `lzh_member_payonline` */
 INSERT INTO `lzh_member_payonline` VALUES ('82','92','f84b94cb92a4c17ebdfef68fc36996ee','100.00','0.00','chinabank','1','1409733911','118.194.246.50','','','','ceshi','119','');/* DBReback Separation */
 /* 插入数据 `lzh_member_payonline` */
 INSERT INTO `lzh_member_payonline` VALUES ('83','104','6a0fa044e9262bce84a7884821312bb7','600000.00','0.00','chinabank','1','1410341784','112.65.17.206','','','','ceshi','119','');/* DBReback Separation */
 /* 插入数据 `lzh_member_payonline` */
 INSERT INTO `lzh_member_payonline` VALUES ('84','104','ded0d29410cdd40020594621b8309120','600000.00','0.00','ecpss','1','1410341792','112.65.17.206','','','','ceshi','119','');/* DBReback Separation */
 /* 插入数据 `lzh_member_payonline` */
 INSERT INTO `lzh_member_payonline` VALUES ('85','104','de818f9a2db8e0e0156db24cf0422eca','600000.00','0.00','allinpay','1','1410341801','112.65.17.206','','','','ceshi','119','');/* DBReback Separation */
 /* 插入数据 `lzh_member_payonline` */
 INSERT INTO `lzh_member_payonline` VALUES ('86','104','offline','600000.00','0.00','off','1','1410341817','112.65.17.206','123','中国银行 开户名：张三','123','ceshi','119','');/* DBReback Separation */
 /* 插入数据 `lzh_member_payonline` */
 INSERT INTO `lzh_member_payonline` VALUES ('87','104','offline','99999999.00','0.00','off','1','1410341971','112.65.17.206','9999','建设银行 开户名：李四','9999','ceshi','119','');/* DBReback Separation */
 /* 插入数据 `lzh_member_payonline` */
 INSERT INTO `lzh_member_payonline` VALUES ('88','105','893d5ca3e044be73066f2e8c6b9e4f85','5000000.00','0.00','chinabank','1','1410343480','112.65.17.206','','','','ceshi','119','');/* DBReback Separation */ 
 /* 数据表结构 `lzh_member_remark`*/ 
 DROP TABLE IF EXISTS `lzh_member_remark`;/* DBReback Separation */ 
 CREATE TABLE `lzh_member_remark` (
  `id` int(10) unsigned NOT NULL AUTO_INCREMENT,
  `user_id` int(11) NOT NULL,
  `user_name` varchar(50) NOT NULL,
  `remark` varchar(500) NOT NULL,
  `admin_id` int(11) NOT NULL,
  `admin_real_name` varchar(50) NOT NULL,
  `add_time` int(10) NOT NULL DEFAULT '0',
  PRIMARY KEY (`id`)
) ENGINE=MyISAM DEFAULT CHARSET=utf8;/* DBReback Separation */ 
 /* 数据表结构 `lzh_member_safequestion`*/ 
 DROP TABLE IF EXISTS `lzh_member_safequestion`;/* DBReback Separation */ 
 CREATE TABLE `lzh_member_safequestion` (
  `uid` int(10) unsigned NOT NULL,
  `question1` varchar(100) NOT NULL,
  `answer1` varchar(100) NOT NULL,
  `question2` varchar(100) NOT NULL,
  `answer2` varchar(100) NOT NULL,
  `add_time` int(11) NOT NULL,
  PRIMARY KEY (`uid`)
) ENGINE=MyISAM DEFAULT CHARSET=utf8;/* DBReback Separation */
 /* 插入数据 `lzh_member_safequestion` */
 INSERT INTO `lzh_member_safequestion` VALUES ('25','您母亲的生日是？','bb','您母亲的姓名是？','vbbv','1404453405');/* DBReback Separation */
 /* 插入数据 `lzh_member_safequestion` */
 INSERT INTO `lzh_member_safequestion` VALUES ('97','您的属相是什么的？','龙王','您最崇拜谁？','龙王','1410074483');/* DBReback Separation */
 /* 插入数据 `lzh_member_safequestion` */
 INSERT INTO `lzh_member_safequestion` VALUES ('99','您孩子的姓名是？','没有','您最崇拜谁？','张国荣','1410075512');/* DBReback Separation */
 /* 插入数据 `lzh_member_safequestion` */
 INSERT INTO `lzh_member_safequestion` VALUES ('106','您父亲的生日是？','放假冻死哦啊','您母亲的姓名是？','范德萨','1410493107');/* DBReback Separation */ 
 /* 数据表结构 `lzh_member_withdraw`*/ 
 DROP TABLE IF EXISTS `lzh_member_withdraw`;/* DBReback Separation */ 
 CREATE TABLE `lzh_member_withdraw` (
  `id` int(10) unsigned NOT NULL AUTO_INCREMENT,
  `uid` int(10) unsigned NOT NULL,
  `withdraw_money` decimal(15,2) NOT NULL,
  `withdraw_status` tinyint(4) NOT NULL,
  `withdraw_fee` decimal(15,2) NOT NULL,
  `add_time` int(10) unsigned NOT NULL,
  `add_ip` varchar(16) NOT NULL,
  `deal_time` int(10) unsigned NOT NULL,
  `deal_user` varchar(50) NOT NULL,
  `deal_info` varchar(200) NOT NULL,
  `second_fee` decimal(15,2) NOT NULL COMMENT '修改后的提现手续费',
  `success_money` decimal(15,2) NOT NULL COMMENT '实际到账金额',
  PRIMARY KEY (`id`),
  KEY `uid` (`uid`,`withdraw_status`,`add_time`)
) ENGINE=MyISAM AUTO_INCREMENT=7 DEFAULT CHARSET=utf8;/* DBReback Separation */
 /* 插入数据 `lzh_member_withdraw` */
 INSERT INTO `lzh_member_withdraw` VALUES ('1','13','1000.00','2','5.00','1407240620','222.174.71.186','1407240910','admin','22','5.00','1000.00');/* DBReback Separation */
 /* 插入数据 `lzh_member_withdraw` */
 INSERT INTO `lzh_member_withdraw` VALUES ('2','5','1000.00','1','5.00','1409111828','222.209.7.186','1409111883','ceshi','通过','5.00','1000.00');/* DBReback Separation */
 /* 插入数据 `lzh_member_withdraw` */
 INSERT INTO `lzh_member_withdraw` VALUES ('3','80','100.00','2','0.50','1409212039','119.161.184.11','1409219208','ceshi','njjj','0.50','100.00');/* DBReback Separation */
 /* 插入数据 `lzh_member_withdraw` */
 INSERT INTO `lzh_member_withdraw` VALUES ('4','80','100.00','2','0.50','1409218463','119.161.184.11','1409219098','ceshi','7777','0.50','100.00');/* DBReback Separation */
 /* 插入数据 `lzh_member_withdraw` */
 INSERT INTO `lzh_member_withdraw` VALUES ('5','97','50000.00','1','250.00','1410080551','101.21.19.37','1410080804','ceshi','周一统一处理。','250.00','49750.00');/* DBReback Separation */
 /* 插入数据 `lzh_member_withdraw` */
 INSERT INTO `lzh_member_withdraw` VALUES ('6','97','39500.00','3','197.50','1410080573','101.21.19.37','1410511162','ceshi','周一统一处理。','197.50','0.00');/* DBReback Separation */ 
 /* 数据表结构 `lzh_members`*/ 
 DROP TABLE IF EXISTS `lzh_members`;/* DBReback Separation */ 
 CREATE TABLE `lzh_members` (
  `id` int(10) unsigned NOT NULL AUTO_INCREMENT,
  `user_name` varchar(50) NOT NULL,
  `user_pass` char(32) NOT NULL,
  `user_type` tinyint(3) unsigned NOT NULL DEFAULT '1',
  `pin_pass` char(32) NOT NULL,
  `user_email` varchar(50) NOT NULL,
  `user_phone` varchar(11) NOT NULL,
  `reg_time` int(10) unsigned NOT NULL,
  `reg_ip` varchar(15) NOT NULL,
  `user_leve` tinyint(4) NOT NULL DEFAULT '0',
  `time_limit` int(10) unsigned NOT NULL,
  `credits` int(10) NOT NULL,
  `recommend_id` int(10) unsigned NOT NULL DEFAULT '0',
  `customer_id` int(10) unsigned NOT NULL,
  `customer_name` varchar(20) NOT NULL,
  `province` int(10) unsigned NOT NULL,
  `city` int(10) unsigned NOT NULL,
  `area` int(10) unsigned NOT NULL,
  `is_ban` int(11) NOT NULL DEFAULT '0' COMMENT '是否冻结0：否； 1：是',
  `reward_money` decimal(15,2) NOT NULL COMMENT '奖金金额',
  `invest_credits` decimal(15,2) unsigned NOT NULL,
  `integral` int(15) NOT NULL COMMENT '会员总积分',
  `active_integral` int(15) NOT NULL COMMENT '会员活跃积分',
  `is_borrow` int(2) NOT NULL DEFAULT '1' COMMENT '是否允许会员发标。0：不允许；1：允许',
  `is_transfer` int(2) NOT NULL DEFAULT '0' COMMENT '是否是流转会员 0代表非流转会员，1代表是流转会员',
  `is_vip` tinyint(3) NOT NULL DEFAULT '0' COMMENT '是否开启特权发标，0：不开启；1：开启',
  `last_log_ip` char(15) NOT NULL,
  `last_log_time` int(10) NOT NULL DEFAULT '0',
  PRIMARY KEY (`id`),
  KEY `user_email` (`user_email`),
  KEY `user_name` (`user_name`)
) ENGINE=MyISAM AUTO_INCREMENT=108 DEFAULT CHARSET=utf8;/* DBReback Separation */
 /* 插入数据 `lzh_members` */
 INSERT INTO `lzh_members` VALUES ('1','gxw110','e10adc3949ba59abbe56e057f20f883e','1','508df4cb2f4d8f80519256258cfb975f','713050120@qq.com','','1402712938','192.168.0.109','1','1434250635','50','0','111','客服明明','0','0','0','0','0.00','0.00','649','649','1','0','0','192.168.0.109','1402713957');/* DBReback Separation */
 /* 插入数据 `lzh_members` */
 INSERT INTO `lzh_members` VALUES ('2','ggggwfn11','1064f3b20a66813e8076bc24b3500bef','1','96e79218965eb72c92a549dd5a330112','3490766@qq.com','','1402713545','192.168.0.125','0','0','0','0','0','','0','0','0','0','0.00','0.00','8738','8738','1','1','0','192.168.0.125','1402713545');/* DBReback Separation */
 /* 插入数据 `lzh_members` */
 INSERT INTO `lzh_members` VALUES ('3','11111111','7ad5098aa0f789bd15731565856b15f8','2','7ad5098aa0f789bd15731565856b15f8','11111111@qq.com','','1402713625','192.168.0.135','1','1434251801','1000009','0','113','admin','0','0','0','0','0.00','0.00','30','30','1','1','1','192.168.0.135','1402713625');/* DBReback Separation */
 /* 插入数据 `lzh_members` */
 INSERT INTO `lzh_members` VALUES ('4','hzwd','281a8db430c29d097b261e0fd49ad701','1','','1990563142@qq.com','15005305701','1402713754','192.168.0.123','1','1434251452','40','0','112','客服萌萌','0','0','0','0','0.00','0.00','0','0','1','1','0','192.168.0.123','1402713754');/* DBReback Separation */
 /* 插入数据 `lzh_members` */
 INSERT INTO `lzh_members` VALUES ('5','lvmaque','0253b255a5a76aa4bcc2ea8e39f7baa9','2','0253b255a5a76aa4bcc2ea8e39f7baa9','713050115@qq.com','18653092169','1402713809','192.168.0.114','1','1434249951','40','0','112','客服萌萌','0','0','0','0','0.00','0.00','0','0','1','1','1','192.168.0.114','1402713809');/* DBReback Separation */
 /* 插入数据 `lzh_members` */
 INSERT INTO `lzh_members` VALUES ('6','2297633190','e10adc3949ba59abbe56e057f20f883e','1','508df4cb2f4d8f80519256258cfb975f','2297633190@qq.com','','1402713829','192.168.0.100','1','1434251133','100030','0','112','客服萌萌','0','0','0','0','0.00','0.00','373582','373582','1','1','0','192.168.0.100','1402714139');/* DBReback Separation */
 /* 插入数据 `lzh_members` */
 INSERT INTO `lzh_members` VALUES ('7','aixiaochuang','0afc1eb781a9e6e29eb2afd5d1f5d306','2','0afc1eb781a9e6e29eb2afd5d1f5d306','804241873@qq.com','','1402715017','192.168.0.110','1','1434251264','10','0','112','客服萌萌','0','0','0','0','0.00','0.00','0','0','1','1','1','192.168.0.110','1402715017');/* DBReback Separation */
 /* 插入数据 `lzh_members` */
 INSERT INTO `lzh_members` VALUES ('8','邓晨','e10adc3949ba59abbe56e057f20f883e','1','508df4cb2f4d8f80519256258cfb975f','1459824024@qq.com','','1402715041','192.168.0.119','1','1434251711','20','0','112','客服萌萌','0','0','0','0','0.00','0.00','4280','4280','1','0','0','192.168.0.119','1402715041');/* DBReback Separation */
 /* 插入数据 `lzh_members` */
 INSERT INTO `lzh_members` VALUES ('9','anshiquanshu','e10adc3949ba59abbe56e057f20f883e','1','25d55ad283aa400af464c76d713c07ad','530300547@qq.com','','1402715574','192.168.0.107','1','1434261211','20','0','113','admin','0','0','0','0','0.00','0.00','3612','3612','1','0','1','192.168.0.107','1402715574');/* DBReback Separation */
 /* 插入数据 `lzh_members` */
 INSERT INTO `lzh_members` VALUES ('10','aixiaochuang111','e10adc3949ba59abbe56e057f20f883e','1','e10adc3949ba59abbe56e057f20f883e','4665@qq.com','','1402715870','192.168.0.110','0','0','0','0','0','','0','0','0','0','0.00','0.00','916','916','1','1','0','192.168.0.110','1402715870');/* DBReback Separation */
 /* 插入数据 `lzh_members` */
 INSERT INTO `lzh_members` VALUES ('11','tsqy','8ec5af667b7be97ddeb18db02882607d','1','e10adc3949ba59abbe56e057f20f883e','1810833378@qq.com','','1402715910','192.168.0.139','0','0','0','0','0','','0','0','0','0','0.00','0.00','733','733','1','0','0','192.168.0.139','1402715910');/* DBReback Separation */
 /* 插入数据 `lzh_members` */
 INSERT INTO `lzh_members` VALUES ('12','ffffffffff','66952c6203ae23242590c0061675234d','1','66952c6203ae23242590c0061675234d','ffffffffff@qq.com','','1402727177','192.168.0.125','1','1434622794','10','0','112','客服萌萌','0','0','0','0','0.00','0.00','0','0','1','0','0','192.168.0.125','1402727177');/* DBReback Separation */
 /* 插入数据 `lzh_members` */
 INSERT INTO `lzh_members` VALUES ('13','ringback','e10adc3949ba59abbe56e057f20f883e','1','e10adc3949ba59abbe56e057f20f883e','713050119@qq.com','15909827754','1402728662','192.168.0.117','1','1435049993','100100040','0','112','客服萌萌','0','0','0','0','0.00','0.00','368142','368112','1','0','0','192.168.0.117','1402728662');/* DBReback Separation */
 /* 插入数据 `lzh_members` */
 INSERT INTO `lzh_members` VALUES ('14','flss5588','d0ba6de0de96e91e434b09ee491404b0','1','','flss5588@163.com','','1403323449','27.25.238.207','0','0','0','0','0','','0','0','0','0','0.00','0.00','0','0','1','0','0','27.25.238.207','1403323449');/* DBReback Separation */
 /* 插入数据 `lzh_members` */
 INSERT INTO `lzh_members` VALUES ('15','ceshi','e10adc3949ba59abbe56e057f20f883e','1','','713050120@qq.com','15865661973','1403354964','27.187.96.111','0','0','10','0','0','','0','0','0','0','0.00','0.00','0','0','1','0','0','','1408688693');/* DBReback Separation */
 /* 插入数据 `lzh_members` */
 INSERT INTO `lzh_members` VALUES ('16','guanquan','ed7ac4e5e3584ca3c9fa1e782ef25093','1','612584ca924e138351d0c78670ee588f','121981568@qq.com','','1403457597','113.249.35.0','0','0','0','0','0','','0','0','0','0','0.00','0.00','0','0','1','0','0','113.249.35.0','1403457597');/* DBReback Separation */
 /* 插入数据 `lzh_members` */
 INSERT INTO `lzh_members` VALUES ('17','flyingangel','ffa9d62ae95b821901effe49daa8c4fc','1','','763121871@qq.com','','1403580611','222.174.71.186','0','0','10','0','0','','0','0','0','0','0.00','0.00','0','0','1','0','0','222.174.71.186','1403580611');/* DBReback Separation */
 /* 插入数据 `lzh_members` */
 INSERT INTO `lzh_members` VALUES ('18','mistleung','49827c2b79441bb97da112889f165f54','1','','misleung@163.com','','1403706036','140.206.200.82','0','0','0','0','0','','0','0','0','0','0.00','0.00','0','0','1','0','0','140.206.200.82','1403706036');/* DBReback Separation */
 /* 插入数据 `lzh_members` */
 INSERT INTO `lzh_members` VALUES ('19','kofdda','206a9d624bd06c675994b805ff4e32f2','1','070e324a1d42a44fdea9866375098d80','573510000@qq.com','','1404026311','123.197.32.149','0','0','0','0','0','','0','0','0','0','0.00','0.00','15000','15000','1','0','0','123.197.32.149','1404026311');/* DBReback Separation */
 /* 插入数据 `lzh_members` */
 INSERT INTO `lzh_members` VALUES ('20','yiistudy','e10adc3949ba59abbe56e057f20f883e','1','','yiistudy@sina.com','','1404180115','106.37.236.15','1','1438509428','10','0','112','客服萌萌','0','0','0','0','0.00','0.00','0','0','1','0','0','106.37.236.15','1404180115');/* DBReback Separation */
 /* 插入数据 `lzh_members` */
 INSERT INTO `lzh_members` VALUES ('21','ceshi123','059d38a8c888d5109fa33a9815866013','1','0ae05da6d2421721bb670d5f90c20cca','123456789@qq.com','','1404553605','60.161.178.63','1','1436089850','20','0','112','客服萌萌','0','0','0','0','0.00','0.00','4600','4600','1','0','0','60.161.178.63','1404553605');/* DBReback Separation */
 /* 插入数据 `lzh_members` */
 INSERT INTO `lzh_members` VALUES ('22','didisa28','9c067aa7ab76747d0afa76e492e2b076','1','','majiwei28@163.com','','1404267979','171.8.15.203','0','0','0','0','0','','0','0','0','0','0.00','0.00','0','0','1','0','0','171.8.15.203','1404267979');/* DBReback Separation */
 /* 插入数据 `lzh_members` */
 INSERT INTO `lzh_members` VALUES ('23','林白','a73f86ae408af70b67141843e7130723','1','','1276149291@qq.com','','1405581018','118.186.197.214','0','0','20','0','0','','0','0','0','0','0.00','0.00','0','0','1','0','0','118.186.197.214','1405581712');/* DBReback Separation */
 /* 插入数据 `lzh_members` */
 INSERT INTO `lzh_members` VALUES ('24','ling123','44637c6868889d6901d6ba686957673b','1','','2225705192@qq.com','','1404451856','119.161.215.242','0','0','0','0','0','','0','0','0','0','0.00','0.00','0','0','1','0','0','119.161.215.242','1404451856');/* DBReback Separation */
 /* 插入数据 `lzh_members` */
 INSERT INTO `lzh_members` VALUES ('25','gongyufa','7dff0170403e8afe0959f005fc325eb0','1','','380127208@qq.com','','1404453287','60.210.44.136','1','1435989749','100020','0','112','客服萌萌','0','0','0','0','0.00','0.00','0','0','1','0','0','60.210.44.136','1404453287');/* DBReback Separation */
 /* 插入数据 `lzh_members` */
 INSERT INTO `lzh_members` VALUES ('26','test01','d76e47458d40c189e00d2e846489527e','1','','spice9026@126.com','','1404456845','124.77.244.110','0','0','0','0','0','','0','0','0','0','0.00','0.00','0','0','1','0','0','124.77.244.110','1404456845');/* DBReback Separation */
 /* 插入数据 `lzh_members` */
 INSERT INTO `lzh_members` VALUES ('27','velonzhong','326bc3e2e6815ed36b62d0d9c6e99770','1','','570664484@qq.com','18607811623','1404461092','113.16.255.230','1','1435997404','20','0','112','客服萌萌','0','0','0','0','0.00','0.00','0','0','1','0','0','113.16.255.230','1404461092');/* DBReback Separation */
 /* 插入数据 `lzh_members` */
 INSERT INTO `lzh_members` VALUES ('28','asdasd8','a8f5f167f44f4964e6c998dee827110c','1','','34629138@qq.com','','1404553365','124.228.65.109','0','0','0','0','0','','0','0','0','0','0.00','0.00','0','0','1','0','0','124.228.65.109','1404553365');/* DBReback Separation */
 /* 插入数据 `lzh_members` */
 INSERT INTO `lzh_members` VALUES ('29','wulengbing','8a6f2805b4515ac12058e79e66539be9','1','','wulengbing@163.com','18600784890','1404558853','221.14.169.39','0','0','10','0','0','','0','0','0','0','0.00','0.00','0','0','1','0','0','221.14.169.39','1404558853');/* DBReback Separation */
 /* 插入数据 `lzh_members` */
 INSERT INTO `lzh_members` VALUES ('30','123456','e10adc3949ba59abbe56e057f20f883e','1','','123456@qq.com','','1404569898','112.250.118.146','0','0','10','0','0','','0','0','0','0','0.00','0.00','0','0','1','0','0','112.250.118.146','1404569898');/* DBReback Separation */
 /* 插入数据 `lzh_members` */
 INSERT INTO `lzh_members` VALUES ('31','admin','e10adc3949ba59abbe56e057f20f883e','1','','bugceshi@126.com','','1404631713','27.187.58.57','0','0','0','0','0','','0','0','0','0','0.00','0.00','0','0','1','0','0','27.187.58.57','1404631713');/* DBReback Separation */
 /* 插入数据 `lzh_members` */
 INSERT INTO `lzh_members` VALUES ('32','ccc008','0ae05da6d2421721bb670d5f90c20cca','1','0ae05da6d2421721bb670d5f90c20cca','996810000@qq.com','18183888188','1404657661','112.114.65.56','1','1436194052','40','0','112','客服萌萌','0','0','0','0','0.00','0.00','184123','184123','1','0','0','112.114.65.56','1404657661');/* DBReback Separation */
 /* 插入数据 `lzh_members` */
 INSERT INTO `lzh_members` VALUES ('33','lhy378','59893ada343e3279caad2ce5f105afe2','1','','9@qq.com','15939398886','1404725679','117.158.50.72','0','0','0','0','0','','0','0','0','0','0.00','0.00','0','0','1','0','0','117.158.50.72','1404725679');/* DBReback Separation */
 /* 插入数据 `lzh_members` */
 INSERT INTO `lzh_members` VALUES ('34','zhoujx250771830','e61f23e80d67b86212c6176e4f1725de','1','','250771830@qq.com','18391769268','1404787715','113.136.147.63','0','0','0','0','0','','0','0','0','0','0.00','0.00','0','0','1','0','0','113.136.147.63','1404787715');/* DBReback Separation */
 /* 插入数据 `lzh_members` */
 INSERT INTO `lzh_members` VALUES ('35','longlong','e10adc3949ba59abbe56e057f20f883e','1','','longlong@qq.com','','1404979980','101.36.65.69','1','1436516987','10','0','112','客服萌萌','0','0','0','0','0.00','0.00','0','0','1','0','0','101.36.65.69','1404979980');/* DBReback Separation */
 /* 插入数据 `lzh_members` */
 INSERT INTO `lzh_members` VALUES ('36','yuanyuan','e10adc3949ba59abbe56e057f20f883e','1','','yuanyuan@qq.com','','1404981226','101.36.65.69','0','0','0','0','0','','0','0','0','0','0.00','0.00','0','0','1','0','0','101.36.65.69','1404981226');/* DBReback Separation */
 /* 插入数据 `lzh_members` */
 INSERT INTO `lzh_members` VALUES ('37','111111','fcea920f7412b5da7be0cf42b8c93759','1','','1231335451@qq.com','','1405042051','106.80.167.141','0','0','0','0','0','','0','0','0','0','0.00','0.00','0','0','1','0','0','106.80.167.141','1405042051');/* DBReback Separation */
 /* 插入数据 `lzh_members` */
 INSERT INTO `lzh_members` VALUES ('38','wangmx','e8bebf395398a686e7f82cb2bc5ce96a','1','','13098527@qq.com','13105951068','1405044614','110.90.138.58','0','0','10','0','0','','0','0','0','0','0.00','0.00','0','0','1','0','0','110.90.138.58','1405044614');/* DBReback Separation */
 /* 插入数据 `lzh_members` */
 INSERT INTO `lzh_members` VALUES ('39','tianyan','dbb342c8604b24b466a1920002a14858','1','','abber@163.com','','1405137894','14.204.26.162','0','0','0','0','0','','0','0','0','0','0.00','0.00','0','0','1','0','0','14.204.26.162','1405137894');/* DBReback Separation */
 /* 插入数据 `lzh_members` */
 INSERT INTO `lzh_members` VALUES ('40','409970566','e10adc3949ba59abbe56e057f20f883e','1','','409970566@qq.com','','1405386255','60.55.43.128','0','0','10','0','0','','0','0','0','0','0.00','0.00','0','0','1','0','0','60.55.43.128','1405386255');/* DBReback Separation */
 /* 插入数据 `lzh_members` */
 INSERT INTO `lzh_members` VALUES ('41','lvmaque123','e10adc3949ba59abbe56e057f20f883e','1','49c0b9d84c2a16fcaf9d25694fda75e1','250084743@qq.com','13810604034','1405409449','106.37.234.246','1','1436945551','30','0','112','客服萌萌','0','0','0','0','0.00','0.00','731000','731000','1','0','0','106.37.234.246','1405409449');/* DBReback Separation */
 /* 插入数据 `lzh_members` */
 INSERT INTO `lzh_members` VALUES ('42','pop300p','962a7298990cde3719f6117f601d0856','1','','pop300p@qq.com','18600654339','1405474484','124.205.215.53','0','0','10','0','0','','0','0','0','0','0.00','0.00','0','0','1','0','0','124.205.215.53','1405474484');/* DBReback Separation */
 /* 插入数据 `lzh_members` */
 INSERT INTO `lzh_members` VALUES ('43','zhuifeng','6f404e7a282df71b0a59e028ebc77d71','1','','zhuifeng@163.com','15562620259','1405479830','124.133.208.171','0','0','0','0','0','','0','0','0','0','0.00','0.00','0','0','1','0','0','124.133.208.171','1405479830');/* DBReback Separation */
 /* 插入数据 `lzh_members` */
 INSERT INTO `lzh_members` VALUES ('44','liuq_1979','4d9edc5174966a6483f40661da935c16','1','','liuq_1979@163.com','','1405735913','183.62.173.65','0','0','0','0','0','','0','0','0','0','0.00','0.00','0','0','1','0','0','183.62.173.65','1405735913');/* DBReback Separation */
 /* 插入数据 `lzh_members` */
 INSERT INTO `lzh_members` VALUES ('45','gh258','e10adc3949ba59abbe56e057f20f883e','1','96e79218965eb72c92a549dd5a330112','confidence0602@163.com','13657736086','1405736193','182.91.217.185','0','0','10','0','0','','0','0','0','0','0.00','0.00','9','9','1','0','0','182.91.217.185','1405736193');/* DBReback Separation */
 /* 插入数据 `lzh_members` */
 INSERT INTO `lzh_members` VALUES ('46','lei4ni','e10adc3949ba59abbe56e057f20f883e','1','','lei4ni@qq.com','','1405942143','120.33.63.110','0','0','0','0','0','','0','0','0','0','0.00','0.00','0','0','1','0','0','120.33.63.110','1405942143');/* DBReback Separation */
 /* 插入数据 `lzh_members` */
 INSERT INTO `lzh_members` VALUES ('47','a558638','6ce5f4aaf0ed69af715a4177286dc947','1','','a55863810@126.com','','1406301373','120.84.13.57','0','0','0','0','0','','0','0','0','0','0.00','0.00','0','0','1','0','0','120.84.13.57','1406301373');/* DBReback Separation */
 /* 插入数据 `lzh_members` */
 INSERT INTO `lzh_members` VALUES ('48','317482220','e10adc3949ba59abbe56e057f20f883e','1','','317482220@qq.com','15589955220','1406330822','123.151.186.214','0','0','10','0','0','','0','0','0','0','0.00','0.00','0','0','1','0','0','123.151.186.214','1406330822');/* DBReback Separation */
 /* 插入数据 `lzh_members` */
 INSERT INTO `lzh_members` VALUES ('49','戏笑人生','bc20efd7f6275fcce0f1c81e0f8043b2','1','','287454678@qq.com','','1406339082','27.204.30.157','0','0','0','0','0','','0','0','0','0','0.00','0.00','0','0','1','0','0','27.204.30.157','1406339585');/* DBReback Separation */
 /* 插入数据 `lzh_members` */
 INSERT INTO `lzh_members` VALUES ('50','戏笑','5124924e257a68a3f95d23a5bf107470','1','','713050123@qq.com','','1406339867','27.204.30.157','0','0','0','0','0','','0','0','0','0','0.00','0.00','0','0','1','0','0','27.204.30.157','1406339867');/* DBReback Separation */
 /* 插入数据 `lzh_members` */
 INSERT INTO `lzh_members` VALUES ('51','zhanyhang','e10adc3949ba59abbe56e057f20f883e','1','','47467086@qq.com','15216871005','1406340211','27.204.30.157','0','0','10','0','0','','0','0','0','0','0.00','0.00','0','0','1','0','0','27.204.30.157','1406341287');/* DBReback Separation */
 /* 插入数据 `lzh_members` */
 INSERT INTO `lzh_members` VALUES ('52','lm339lm','72f457db43fd89ea19675270e7b850eb','1','','339231725@qq.com','','1406363219','223.68.162.131','0','0','0','0','0','','0','0','0','0','0.00','0.00','0','0','1','0','0','223.68.162.131','1406363219');/* DBReback Separation */
 /* 插入数据 `lzh_members` */
 INSERT INTO `lzh_members` VALUES ('53','test123','e10adc3949ba59abbe56e057f20f883e','1','0052069db1a0017f6a27f27e6dcbb919','tktkuk@163.com','','1406446938','61.183.166.15','0','0','0','0','0','','0','0','0','0','0.00','0.00','920','920','1','0','0','61.183.166.15','1406446938');/* DBReback Separation */
 /* 插入数据 `lzh_members` */
 INSERT INTO `lzh_members` VALUES ('54','zhaoy136','a89463c8304e2c7980cf18b14ecfeb80','2','','zhaoy136@126.com','13366763233','1406520519','118.186.197.214','1','1438504622','20','0','113','admin','0','0','0','0','0.00','0.00','0','0','1','1','0','118.186.197.214','1406520519');/* DBReback Separation */
 /* 插入数据 `lzh_members` */
 INSERT INTO `lzh_members` VALUES ('55','weixiaolei','865ee82ede0645180367ad37fa73e672','1','026c23fec25c216b0e90102cf40673e5','weixiaolei2008@163.com','','1406688542','118.186.197.213','1','1438509422','10','0','113','admin','0','0','0','0','0.00','0.00','7300','7300','1','1','0','118.186.197.213','1406688542');/* DBReback Separation */
 /* 插入数据 `lzh_members` */
 INSERT INTO `lzh_members` VALUES ('56','dongkn','7297655bd66bd8f86f45014d24178b47','1','','394488361@qq.com','','1406778292','125.70.114.23','0','0','0','0','0','','0','0','0','0','0.00','0.00','0','0','1','0','0','125.70.114.23','1406778292');/* DBReback Separation */
 /* 插入数据 `lzh_members` */
 INSERT INTO `lzh_members` VALUES ('57','深度技术','f6070da9f5d5db936bc3977653e89072','1','','81230391@qq.com','','1406845511','171.8.220.60','0','0','0','0','0','','0','0','0','0','0.00','0.00','0','0','1','0','0','171.8.220.60','1406845511');/* DBReback Separation */
 /* 插入数据 `lzh_members` */
 INSERT INTO `lzh_members` VALUES ('58','jackgeng','dcc7140d49ad000195f986b953600a2a','1','','bonear@126.com','','1406873200','222.174.71.186','1','1438409265','20','0','112','客服萌萌','0','0','0','0','0.00','0.00','0','0','1','0','0','222.174.71.186','1406873200');/* DBReback Separation */
 /* 插入数据 `lzh_members` */
 INSERT INTO `lzh_members` VALUES ('59','376896932','8983bb22b984af90800a8e421167b63b','1','','376896932@qq.com','','1406947582','112.96.173.78','0','0','0','0','0','','0','0','0','0','0.00','0.00','0','0','1','0','0','112.96.173.78','1406947582');/* DBReback Separation */
 /* 插入数据 `lzh_members` */
 INSERT INTO `lzh_members` VALUES ('60','fleshboy','5bfb2e04b0c57e39d8bc944fbb4e0292','1','','908851230@qq.com','','1406971798','60.215.174.7','1','1439804743','10','0','111','客服明明','0','0','0','0','0.00','0.00','0','0','1','0','0','60.215.174.7','1406972015');/* DBReback Separation */
 /* 插入数据 `lzh_members` */
 INSERT INTO `lzh_members` VALUES ('61','测试1','9464c3798239e316379036767f0ff7d1','1','','732478703@qq.com','','1407036401','182.35.21.102','0','0','0','0','0','','0','0','0','0','0.00','0.00','0','0','1','1','0','','0');/* DBReback Separation */
 /* 插入数据 `lzh_members` */
 INSERT INTO `lzh_members` VALUES ('62','彤彤55','bbcae94cbeef8f490fa8a014a9c4d8dc','1','','chengtongtong@lvmaque.com','','1407123330','118.186.197.214','0','0','0','0','0','','0','0','0','0','0.00','0.00','0','0','1','0','0','118.186.197.214','1407123330');/* DBReback Separation */
 /* 插入数据 `lzh_members` */
 INSERT INTO `lzh_members` VALUES ('63','jetwong','bc794e06d92cca3d1ab231775e0d1688','1','','jetws@163.com','','1407125838','222.173.220.14','0','0','0','0','0','','0','0','0','0','0.00','0.00','0','0','1','0','0','222.173.220.14','1407125838');/* DBReback Separation */
 /* 插入数据 `lzh_members` */
 INSERT INTO `lzh_members` VALUES ('64','ranran','96e79218965eb72c92a549dd5a330112','1','e3ceb5881a0a1fdaad01296d7554868d','2851336115@qq.com','','1407136794','118.186.197.214','1','1438847119','20','0','112','客服萌萌','0','0','0','0','0.00','0.00','661792','661792','1','1','0','118.186.197.214','1407136794');/* DBReback Separation */
 /* 插入数据 `lzh_members` */
 INSERT INTO `lzh_members` VALUES ('65','fanfan','f53bafd8c2b602abca59e4c2854440d8','1','','fanfan@163.com','','1407226482','118.186.197.214','0','0','0','0','0','','0','0','0','0','0.00','0.00','0','0','1','0','0','118.186.197.214','1407226482');/* DBReback Separation */
 /* 插入数据 `lzh_members` */
 INSERT INTO `lzh_members` VALUES ('66','ringback1','e10adc3949ba59abbe56e057f20f883e','1','fcea920f7412b5da7be0cf42b8c93759','3333333@qq.com','','1407240006','222.174.71.186','0','0','0','0','0','','0','0','0','0','0.00','0.00','310','310','1','0','0','222.174.71.186','1407240006');/* DBReback Separation */
 /* 插入数据 `lzh_members` */
 INSERT INTO `lzh_members` VALUES ('67','ringback2','2bc980f98218de757623a69659336c84','1','','ringback1@163.com','','1407245672','106.123.99.33','0','0','0','0','0','','0','0','0','0','0.00','0.00','0','0','1','0','0','106.123.99.33','1407245672');/* DBReback Separation */
 /* 插入数据 `lzh_members` */
 INSERT INTO `lzh_members` VALUES ('68','dhksljgls','909276b944077b0b2123ac89f69d1016','1','','appjdf@163.com','','1407290288','14.153.112.2','0','0','0','0','0','','0','0','0','0','0.00','0.00','0','0','1','0','0','14.153.112.2','1407290288');/* DBReback Separation */
 /* 插入数据 `lzh_members` */
 INSERT INTO `lzh_members` VALUES ('69','441953309','d1731f36523ec83901bd2e11f4271f46','1','','441953309@qq.com','','1407722438','113.135.242.15','0','0','0','0','0','','0','0','0','0','0.00','0.00','0','0','1','0','0','113.135.242.15','1407722438');/* DBReback Separation */
 /* 插入数据 `lzh_members` */
 INSERT INTO `lzh_members` VALUES ('70','吴镇宇','17bc9177bb9f3839d6a5dffad1706009','1','','xiaoyuyx@hotmail.com','','1407738031','116.226.77.223','0','0','0','0','0','','0','0','0','0','0.00','0.00','0','0','1','0','0','116.226.77.223','1407738031');/* DBReback Separation */
 /* 插入数据 `lzh_members` */
 INSERT INTO `lzh_members` VALUES ('71','jkqy01','eabd8ce9404507aa8c22714d3f5eada9','1','','903215247@qq.com','','1408088452','211.162.114.28','0','0','0','0','0','','0','0','0','0','0.00','0.00','0','0','1','0','0','211.162.114.28','1408088452');/* DBReback Separation */
 /* 插入数据 `lzh_members` */
 INSERT INTO `lzh_members` VALUES ('72','456852','4297f44b13955235245b2497399d7a93','1','4297f44b13955235245b2497399d7a93','456852@qq.com','','1408452047','222.181.54.105','0','0','0','0','0','','0','0','0','0','0.00','0.00','0','0','1','0','0','222.181.54.105','1408452047');/* DBReback Separation */
 /* 插入数据 `lzh_members` */
 INSERT INTO `lzh_members` VALUES ('73','4875855','b0ae55f45776d3de73e35bf1d8d85f81','1','','4875855@qq.com','','1408533591','58.46.39.66','0','0','0','0','0','','0','0','0','0','0.00','0.00','0','0','1','0','0','58.46.39.66','1408533591');/* DBReback Separation */
 /* 插入数据 `lzh_members` */
 INSERT INTO `lzh_members` VALUES ('74','fuzhaolin','2790ef6ba367232b506f1d69389b4c6e','1','','358909976@qq.com','','1408693131','61.178.231.37','0','0','0','0','0','','0','0','0','0','0.00','0.00','0','0','1','0','0','61.178.231.37','1408693131');/* DBReback Separation */
 /* 插入数据 `lzh_members` */
 INSERT INTO `lzh_members` VALUES ('75','起名起到傻','02d0cc002c1e7faa8c632ebcf44667b5','1','','394296@qq.com','','1409043683','222.223.219.84','0','0','1000','0','0','','0','0','0','0','0.00','0.00','0','0','1','0','0','222.223.219.84','1409043683');/* DBReback Separation */
 /* 插入数据 `lzh_members` */
 INSERT INTO `lzh_members` VALUES ('76','likaixing007','25d55ad283aa400af464c76d713c07ad','1','e10adc3949ba59abbe56e057f20f883e','125750465@qq.com','','1409065777','222.223.186.203','0','0','0','0','0','','0','0','0','0','0.00','0.00','3100','3100','1','0','0','222.223.186.203','1409065777');/* DBReback Separation */
 /* 插入数据 `lzh_members` */
 INSERT INTO `lzh_members` VALUES ('77','5300556qq','eaacb86f2402af9fa40e11f56a650265','1','da4f1659b3c7a37a5ffa54f3e777b35f','894091100@qq.com','','1409077066','222.45.196.212','1','1441117292','10','0','113','admin','0','0','0','0','0.00','0.00','0','0','1','0','0','222.45.196.212','1409077066');/* DBReback Separation */
 /* 插入数据 `lzh_members` */
 INSERT INTO `lzh_members` VALUES ('78','zheshiceshi','44091a24af41a44b74be194073e6f2e4','1','','772121684@qq.com','','1409096976','117.136.19.126','0','0','0','0','0','','0','0','0','0','0.00','0.00','0','0','1','0','0','117.136.19.126','1409096976');/* DBReback Separation */
 /* 插入数据 `lzh_members` */
 INSERT INTO `lzh_members` VALUES ('79','zhouzhou','e10adc3949ba59abbe56e057f20f883e','1','81dc9bdb52d04dc20036dbd8313ed055','5468564@qq.com','','1409107529','222.209.7.186','1','1440643629','20','0','113','admin','0','0','0','0','0.00','0.00','14790','14790','1','0','0','222.209.7.186','1409107529');/* DBReback Separation */
 /* 插入数据 `lzh_members` */
 INSERT INTO `lzh_members` VALUES ('80','xiaoxiao','fd858e39d5ea3b684691068fe2659701','1','0b2cc7ced0f7d2bfe1b9aba4f9d8d859','1615148391@qq.com','','1409211170','119.161.184.11','1','1440747788','20','0','118','客服小云','0','0','0','0','0.00','0.00','0','0','1','0','0','119.161.184.11','1409211170');/* DBReback Separation */
 /* 插入数据 `lzh_members` */
 INSERT INTO `lzh_members` VALUES ('81','yuiop','e10adc3949ba59abbe56e057f20f883e','1','','yuiop@163.com','','1409233097','222.131.159.253','0','0','0','0','0','','0','0','0','0','0.00','0.00','0','0','1','0','0','222.131.159.253','1409233097');/* DBReback Separation */
 /* 插入数据 `lzh_members` */
 INSERT INTO `lzh_members` VALUES ('82','yuese','1c7646f9f6f78e88e49de88ba701854d','1','','634491606@qq.com','','1409272044','111.173.79.230','1','1441084795','10','0','112','客服萌萌','0','0','0','0','0.00','0.00','0','0','1','0','0','111.173.79.230','1409272044');/* DBReback Separation */
 /* 插入数据 `lzh_members` */
 INSERT INTO `lzh_members` VALUES ('83','jxb1860','67f59458de123674dcfffda5bb916c64','1','','sfe@qq.com','','1409312726','183.49.127.167','0','0','0','0','0','','0','0','0','0','0.00','0.00','0','0','1','0','0','183.49.127.167','1409312726');/* DBReback Separation */
 /* 插入数据 `lzh_members` */
 INSERT INTO `lzh_members` VALUES ('84','努力','e807f1fcf82d132f9bb018ca6738a19f','1','312f04f99be9e857bfb2c033eeb1d3e2','175073713@qq.com','','1409388549','222.89.231.18','1','1440927051','20','0','113','admin','0','0','0','0','0.00','0.00','982000','982000','1','0','0','222.89.231.18','1409388549');/* DBReback Separation */
 /* 插入数据 `lzh_members` */
 INSERT INTO `lzh_members` VALUES ('85','tt01','e10adc3949ba59abbe56e057f20f883e','1','','tt01@qq.com','','1409535868','113.116.147.126','0','0','0','0','0','','0','0','0','0','0.00','0.00','0','0','1','0','0','113.116.147.126','1409535868');/* DBReback Separation */
 /* 插入数据 `lzh_members` */
 INSERT INTO `lzh_members` VALUES ('86','cjhasdifoasidhf','8cb8cfe8e4926e710119eecaf725f77f','1','','492386846@qq.com','','1409538875','113.205.180.215','0','0','0','0','0','','0','0','0','0','0.00','0.00','0','0','1','0','0','113.205.180.215','1409538875');/* DBReback Separation */
 /* 插入数据 `lzh_members` */
 INSERT INTO `lzh_members` VALUES ('87','hndj','e10adc3949ba59abbe56e057f20f883e','1','','djo@qq.com','','1409542209','125.41.103.64','0','0','0','0','0','','0','0','0','0','0.00','0.00','0','0','1','0','0','125.41.103.64','1409542209');/* DBReback Separation */
 /* 插入数据 `lzh_members` */
 INSERT INTO `lzh_members` VALUES ('88','winterssd','8c3fc1e3e5589d5f6c658f9fc91a632e','1','29f037e3e70c767119be38c772da2695','winterssd@126.com','','1409552913','117.36.5.64','0','0','0','80','0','','0','0','0','0','0.00','0.00','0','0','1','0','0','117.36.5.64','1409552913');/* DBReback Separation */
 /* 插入数据 `lzh_members` */
 INSERT INTO `lzh_members` VALUES ('89','67880880','f4fdf50036d4e20197a81b15e6533a64','1','','1350021208@qq.com','','1409633948','36.63.10.43','0','0','0','0','0','','0','0','0','0','0.00','0.00','0','0','1','0','0','36.63.10.43','1409633948');/* DBReback Separation */
 /* 插入数据 `lzh_members` */
 INSERT INTO `lzh_members` VALUES ('90','jieqianqian','25d55ad283aa400af464c76d713c07ad','1','','125750464@qq.com','','1409664972','222.223.186.241','0','0','0','0','0','','0','0','0','0','0.00','0.00','0','0','1','0','0','222.223.186.241','1409664972');/* DBReback Separation */
 /* 插入数据 `lzh_members` */
 INSERT INTO `lzh_members` VALUES ('91','zencorn','2d0665f98800d437d622a40635654540','1','','55518203@qq.com','','1409717755','114.251.245.201','0','0','0','0','0','','0','0','0','0','0.00','0.00','0','0','1','0','0','114.251.245.201','1409717755');/* DBReback Separation */
 /* 插入数据 `lzh_members` */
 INSERT INTO `lzh_members` VALUES ('92','aaaa','0b4e7a0e5fe84ad35fb5f95b9ceeac79','1','','molangg@gmail.com','','1409733873','118.194.246.50','0','0','0','0','0','','0','0','0','0','0.00','0.00','0','0','1','0','0','118.194.246.50','1409733873');/* DBReback Separation */
 /* 插入数据 `lzh_members` */
 INSERT INTO `lzh_members` VALUES ('93','要要','4297f44b13955235245b2497399d7a93','1','','2443814929@qq.com','','1409814373','123.120.224.216','0','0','0','31','0','','0','0','0','0','0.00','0.00','0','0','1','0','0','123.120.224.216','1409814373');/* DBReback Separation */
 /* 插入数据 `lzh_members` */
 INSERT INTO `lzh_members` VALUES ('94','zlbox','31c2d08eac706c2c449c12d9ae2bea90','1','','zlbox@yeah.net','','1409851816','125.85.122.34','0','0','0','0','0','','0','0','0','0','0.00','0.00','0','0','1','0','0','125.85.122.34','1409851816');/* DBReback Separation */
 /* 插入数据 `lzh_members` */
 INSERT INTO `lzh_members` VALUES ('95','likaixing','e10adc3949ba59abbe56e057f20f883e','1','','411150961@qq.com','','1409872478','222.223.186.216','1','1441408631','20','0','112','客服萌萌','0','0','0','0','0.00','0.00','0','0','1','0','0','222.223.186.216','1409872478');/* DBReback Separation */
 /* 插入数据 `lzh_members` */
 INSERT INTO `lzh_members` VALUES ('96','bl4880255','b57efc81730ec73a0ce979eac2e32b2c','1','','qy4880255@sina.com','','1409880250','61.139.253.174','0','0','0','0','0','','0','0','0','0','0.00','0.00','0','0','1','0','0','61.139.253.174','1409880250');/* DBReback Separation */
 /* 插入数据 `lzh_members` */
 INSERT INTO `lzh_members` VALUES ('97','chushuang','d64dae973db4619029ebe04caa5663c0','1','27b92823a1c0e48c996a69249b7c7280','289552152@qq.com','','1410073731','101.23.18.188','1','1441612123','60','5','118','客服小云','0','0','0','0','0.00','0.00','0','0','1','0','0','101.23.18.188','1410076630');/* DBReback Separation */
 /* 插入数据 `lzh_members` */
 INSERT INTO `lzh_members` VALUES ('98','a2014888','dc483e80a7a0bd9ef71d8cf973673924','1','b56f72424eb240f083ae6e63d5eb183d','114203353@qq.com','','1410073877','27.189.133.173','1','1441611215','10','0','112','客服萌萌','0','0','0','0','0.00','0.00','10950','10950','1','0','0','27.189.133.173','1410073877');/* DBReback Separation */
 /* 插入数据 `lzh_members` */
 INSERT INTO `lzh_members` VALUES ('99','lusss6','d4afbb04a6b9c4b9876a573a482d510a','1','9bed7dbbd72cc0fafc1c1148f879b7e1','1109921943@qq.com','','1410074894','183.1.74.126','0','0','20','0','0','','0','0','0','0','0.00','0.00','0','0','1','0','0','183.1.74.126','1410077131');/* DBReback Separation */
 /* 插入数据 `lzh_members` */
 INSERT INTO `lzh_members` VALUES ('100','hgd5663','dc483e80a7a0bd9ef71d8cf973673924','1','b56f72424eb240f083ae6e63d5eb183d','231312@qq.com','','1410078342','27.189.137.99','0','0','0','0','0','','0','0','0','0','0.00','0.00','14600','14600','1','0','0','27.189.137.99','1410078342');/* DBReback Separation */
 /* 插入数据 `lzh_members` */
 INSERT INTO `lzh_members` VALUES ('101','kkl44214','dc483e80a7a0bd9ef71d8cf973673924','1','b56f72424eb240f083ae6e63d5eb183d','564564@qq.com','','1410078678','27.189.137.99','0','0','0','0','0','','0','0','0','0','0.00','0.00','10950','10950','1','0','0','27.189.137.99','1410078678');/* DBReback Separation */
 /* 插入数据 `lzh_members` */
 INSERT INTO `lzh_members` VALUES ('102','力天78','bb2dc6d0aad025c7a17f305ac0877f91','1','','twj2007@sina.cn','','1410192540','182.119.180.118','0','0','0','0','0','','0','0','0','0','0.00','0.00','0','0','1','0','0','182.119.180.118','1410192540');/* DBReback Separation */
 /* 插入数据 `lzh_members` */
 INSERT INTO `lzh_members` VALUES ('103','zhanyhang1','5f1f32bcba2b150569527804b966dd51','1','','791338926@qq.com','','1410319096','116.231.99.28','1','1441855158','10','0','112','客服萌萌','0','0','0','0','0.00','0.00','0','0','1','0','0','116.231.99.28','1410319096');/* DBReback Separation */
 /* 插入数据 `lzh_members` */
 INSERT INTO `lzh_members` VALUES ('104','test0910','25f9e794323b453885f5181f1b624d0b','1','6ebe76c9fb411be97b3b0d48b791a7c9','2854572391@qq.com','','1410341703','112.65.17.206','0','0','2147483647','0','0','','0','0','0','0','0.00','0.00','180000','180000','1','1','0','112.65.17.206','1410341703');/* DBReback Separation */
 /* 插入数据 `lzh_members` */
 INSERT INTO `lzh_members` VALUES ('105','test0911','25f9e794323b453885f5181f1b624d0b','1','6ebe76c9fb411be97b3b0d48b791a7c9','28545723911@qq.com','','1410343395','112.65.17.206','0','0','0','0','0','','0','0','0','0','0.00','0.00','1500','1500','1','0','0','112.65.17.206','1410343395');/* DBReback Separation */
 /* 插入数据 `lzh_members` */
 INSERT INTO `lzh_members` VALUES ('106','peterpan','c87bc6e905cb7d364eeac1f520f56e8a','1','','535183689@qq.com','','1410482450','27.190.18.137','1','1442028432','20','0','112','客服萌萌','0','0','0','0','0.00','0.00','0','0','1','0','0','27.190.18.137','1410492700');/* DBReback Separation */
 /* 插入数据 `lzh_members` */
 INSERT INTO `lzh_members` VALUES ('107','1037622695@qq.com','86cec033f1f2e253fbc77a16a1083e59','1','','1037622695@qq.com','','1410587849','111.175.166.204','0','0','0','0','0','','0','0','0','0','0.00','0.00','0','0','1','0','0','111.175.166.204','1410587849');/* DBReback Separation */ 
 /* 数据表结构 `lzh_members_status`*/ 
 DROP TABLE IF EXISTS `lzh_members_status`;/* DBReback Separation */ 
 CREATE TABLE `lzh_members_status` (
  `uid` int(10) unsigned NOT NULL,
  `phone_status` tinyint(3) unsigned NOT NULL DEFAULT '0',
  `phone_credits` int(10) unsigned NOT NULL DEFAULT '0',
  `id_status` tinyint(3) unsigned NOT NULL DEFAULT '0' COMMENT '0:未上传1:验证通过2:等待验证',
  `id_credits` int(10) unsigned NOT NULL DEFAULT '0',
  `face_status` tinyint(4) NOT NULL DEFAULT '0',
  `face_credits` int(10) unsigned NOT NULL DEFAULT '0',
  `email_status` tinyint(3) unsigned NOT NULL DEFAULT '0',
  `email_credits` int(10) unsigned NOT NULL DEFAULT '0',
  `account_status` tinyint(3) unsigned NOT NULL DEFAULT '0',
  `account_credits` int(10) unsigned NOT NULL DEFAULT '0',
  `credit_status` tinyint(4) NOT NULL DEFAULT '0',
  `credit_credits` int(10) unsigned NOT NULL DEFAULT '0',
  `safequestion_status` tinyint(3) unsigned NOT NULL DEFAULT '0',
  `safequestion_credits` int(10) unsigned NOT NULL DEFAULT '0',
  `video_status` tinyint(4) NOT NULL DEFAULT '0',
  `video_credits` int(10) unsigned NOT NULL DEFAULT '0',
  `vip_status` tinyint(3) unsigned NOT NULL DEFAULT '0',
  `vip_credits` int(10) unsigned NOT NULL DEFAULT '0',
  PRIMARY KEY (`uid`)
) ENGINE=MyISAM DEFAULT CHARSET=utf8;/* DBReback Separation */
 /* 插入数据 `lzh_members_status` */
 INSERT INTO `lzh_members_status` VALUES ('0','3','0','0','0','0','0','0','0','0','0','0','0','0','0','0','0','0','0');/* DBReback Separation */
 /* 插入数据 `lzh_members_status` */
 INSERT INTO `lzh_members_status` VALUES ('1','0','0','1','10','0','0','1','10','0','0','0','0','0','0','0','0','1','10');/* DBReback Separation */
 /* 插入数据 `lzh_members_status` */
 INSERT INTO `lzh_members_status` VALUES ('3','0','0','0','0','0','0','0','0','0','0','0','0','0','0','0','0','1','10');/* DBReback Separation */
 /* 插入数据 `lzh_members_status` */
 INSERT INTO `lzh_members_status` VALUES ('4','1','10','1','10','0','0','1','10','0','0','0','0','0','0','0','0','1','10');/* DBReback Separation */
 /* 插入数据 `lzh_members_status` */
 INSERT INTO `lzh_members_status` VALUES ('5','1','10','1','10','0','0','1','10','0','0','0','0','0','0','0','0','1','10');/* DBReback Separation */
 /* 插入数据 `lzh_members_status` */
 INSERT INTO `lzh_members_status` VALUES ('6','0','0','1','10','0','0','1','10','0','0','0','0','0','0','0','0','1','10');/* DBReback Separation */
 /* 插入数据 `lzh_members_status` */
 INSERT INTO `lzh_members_status` VALUES ('7','0','0','0','0','0','0','0','0','0','0','0','0','0','0','0','0','1','10');/* DBReback Separation */
 /* 插入数据 `lzh_members_status` */
 INSERT INTO `lzh_members_status` VALUES ('8','0','0','1','10','0','0','0','0','0','0','0','0','0','0','0','0','1','10');/* DBReback Separation */
 /* 插入数据 `lzh_members_status` */
 INSERT INTO `lzh_members_status` VALUES ('9','0','0','0','0','0','0','1','10','0','0','0','0','0','0','0','0','1','10');/* DBReback Separation */
 /* 插入数据 `lzh_members_status` */
 INSERT INTO `lzh_members_status` VALUES ('12','0','0','0','0','0','0','0','0','0','0','0','0','0','0','0','0','1','10');/* DBReback Separation */
 /* 插入数据 `lzh_members_status` */
 INSERT INTO `lzh_members_status` VALUES ('13','1','10','1','10','0','0','0','0','0','0','0','0','0','0','0','0','1','10');/* DBReback Separation */
 /* 插入数据 `lzh_members_status` */
 INSERT INTO `lzh_members_status` VALUES ('15','1','10','0','0','0','0','0','0','0','0','0','0','0','0','0','0','0','0');/* DBReback Separation */
 /* 插入数据 `lzh_members_status` */
 INSERT INTO `lzh_members_status` VALUES ('17','0','0','1','10','0','0','0','0','0','0','0','0','0','0','0','0','0','0');/* DBReback Separation */
 /* 插入数据 `lzh_members_status` */
 INSERT INTO `lzh_members_status` VALUES ('20','0','0','0','0','0','0','0','0','0','0','0','0','0','0','0','0','1','10');/* DBReback Separation */
 /* 插入数据 `lzh_members_status` */
 INSERT INTO `lzh_members_status` VALUES ('21','0','0','1','10','0','0','0','0','0','0','0','0','0','0','0','0','1','10');/* DBReback Separation */
 /* 插入数据 `lzh_members_status` */
 INSERT INTO `lzh_members_status` VALUES ('23','0','0','1','10','0','0','1','10','0','0','0','0','0','0','0','0','0','0');/* DBReback Separation */
 /* 插入数据 `lzh_members_status` */
 INSERT INTO `lzh_members_status` VALUES ('25','0','0','0','0','0','0','0','0','0','0','0','0','1','10','0','0','1','10');/* DBReback Separation */
 /* 插入数据 `lzh_members_status` */
 INSERT INTO `lzh_members_status` VALUES ('27','1','10','0','0','0','0','0','0','0','0','0','0','0','0','0','0','1','10');/* DBReback Separation */
 /* 插入数据 `lzh_members_status` */
 INSERT INTO `lzh_members_status` VALUES ('29','1','10','0','0','0','0','0','0','0','0','0','0','0','0','0','0','0','0');/* DBReback Separation */
 /* 插入数据 `lzh_members_status` */
 INSERT INTO `lzh_members_status` VALUES ('30','0','0','0','0','0','0','1','10','0','0','0','0','0','0','0','0','0','0');/* DBReback Separation */
 /* 插入数据 `lzh_members_status` */
 INSERT INTO `lzh_members_status` VALUES ('32','1','10','1','10','0','0','1','10','0','0','0','0','0','0','0','0','1','10');/* DBReback Separation */
 /* 插入数据 `lzh_members_status` */
 INSERT INTO `lzh_members_status` VALUES ('35','0','0','0','0','0','0','0','0','0','0','0','0','0','0','0','0','1','10');/* DBReback Separation */
 /* 插入数据 `lzh_members_status` */
 INSERT INTO `lzh_members_status` VALUES ('38','1','10','0','0','0','0','0','0','0','0','0','0','0','0','0','0','0','0');/* DBReback Separation */
 /* 插入数据 `lzh_members_status` */
 INSERT INTO `lzh_members_status` VALUES ('40','0','0','0','0','0','0','1','10','0','0','0','0','0','0','0','0','0','0');/* DBReback Separation */
 /* 插入数据 `lzh_members_status` */
 INSERT INTO `lzh_members_status` VALUES ('41','1','10','1','10','0','0','0','0','0','0','0','0','0','0','0','0','1','10');/* DBReback Separation */
 /* 插入数据 `lzh_members_status` */
 INSERT INTO `lzh_members_status` VALUES ('42','1','10','0','0','0','0','0','0','0','0','0','0','0','0','0','0','0','0');/* DBReback Separation */
 /* 插入数据 `lzh_members_status` */
 INSERT INTO `lzh_members_status` VALUES ('45','1','10','0','0','0','0','0','0','0','0','0','0','0','0','0','0','0','0');/* DBReback Separation */
 /* 插入数据 `lzh_members_status` */
 INSERT INTO `lzh_members_status` VALUES ('48','1','10','0','0','0','0','0','0','0','0','0','0','0','0','0','0','0','0');/* DBReback Separation */
 /* 插入数据 `lzh_members_status` */
 INSERT INTO `lzh_members_status` VALUES ('51','1','10','0','0','0','0','0','0','0','0','0','0','0','0','0','0','0','0');/* DBReback Separation */
 /* 插入数据 `lzh_members_status` */
 INSERT INTO `lzh_members_status` VALUES ('54','1','10','0','0','0','0','0','0','0','0','0','0','0','0','0','0','1','10');/* DBReback Separation */
 /* 插入数据 `lzh_members_status` */
 INSERT INTO `lzh_members_status` VALUES ('55','0','0','0','0','0','0','0','0','0','0','0','0','0','0','0','0','1','10');/* DBReback Separation */
 /* 插入数据 `lzh_members_status` */
 INSERT INTO `lzh_members_status` VALUES ('58','0','0','1','10','0','0','0','0','0','0','0','0','0','0','0','0','1','10');/* DBReback Separation */
 /* 插入数据 `lzh_members_status` */
 INSERT INTO `lzh_members_status` VALUES ('60','0','0','0','0','0','0','0','0','0','0','0','0','0','0','0','0','1','10');/* DBReback Separation */
 /* 插入数据 `lzh_members_status` */
 INSERT INTO `lzh_members_status` VALUES ('64','0','0','1','10','0','0','0','0','0','0','0','0','0','0','0','0','1','10');/* DBReback Separation */
 /* 插入数据 `lzh_members_status` */
 INSERT INTO `lzh_members_status` VALUES ('77','0','0','0','0','0','0','0','0','0','0','0','0','0','0','0','0','1','10');/* DBReback Separation */
 /* 插入数据 `lzh_members_status` */
 INSERT INTO `lzh_members_status` VALUES ('79','0','0','1','10','0','0','0','0','0','0','0','0','0','0','0','0','1','10');/* DBReback Separation */
 /* 插入数据 `lzh_members_status` */
 INSERT INTO `lzh_members_status` VALUES ('80','0','0','1','10','0','0','0','0','0','0','0','0','0','0','0','0','1','10');/* DBReback Separation */
 /* 插入数据 `lzh_members_status` */
 INSERT INTO `lzh_members_status` VALUES ('82','0','0','0','0','0','0','0','0','0','0','0','0','0','0','0','0','1','10');/* DBReback Separation */
 /* 插入数据 `lzh_members_status` */
 INSERT INTO `lzh_members_status` VALUES ('84','0','0','1','10','0','0','0','0','0','0','0','0','0','0','0','0','1','10');/* DBReback Separation */
 /* 插入数据 `lzh_members_status` */
 INSERT INTO `lzh_members_status` VALUES ('95','0','0','1','10','0','0','0','0','0','0','0','0','0','0','0','0','1','10');/* DBReback Separation */
 /* 插入数据 `lzh_members_status` */
 INSERT INTO `lzh_members_status` VALUES ('97','0','0','1','10','0','0','0','0','0','0','0','0','1','10','0','0','1','10');/* DBReback Separation */
 /* 插入数据 `lzh_members_status` */
 INSERT INTO `lzh_members_status` VALUES ('98','0','0','0','0','0','0','0','0','0','0','0','0','0','0','0','0','1','10');/* DBReback Separation */
 /* 插入数据 `lzh_members_status` */
 INSERT INTO `lzh_members_status` VALUES ('99','0','0','1','10','0','0','0','0','0','0','0','0','1','10','0','0','0','0');/* DBReback Separation */
 /* 插入数据 `lzh_members_status` */
 INSERT INTO `lzh_members_status` VALUES ('103','0','0','0','0','0','0','0','0','0','0','0','0','0','0','0','0','1','10');/* DBReback Separation */
 /* 插入数据 `lzh_members_status` */
 INSERT INTO `lzh_members_status` VALUES ('106','0','0','3','0','0','0','0','0','0','0','0','0','1','10','0','0','1','10');/* DBReback Separation */ 
 /* 数据表结构 `lzh_name_apply`*/ 
 DROP TABLE IF EXISTS `lzh_name_apply`;/* DBReback Separation */ 
 CREATE TABLE `lzh_name_apply` (
  `id` int(11) NOT NULL AUTO_INCREMENT,
  `uid` int(10) unsigned NOT NULL,
  `up_time` int(10) NOT NULL,
  `status` tinyint(3) unsigned NOT NULL,
  `idcard` varchar(20) NOT NULL,
  `deal_info` varchar(80) NOT NULL,
  PRIMARY KEY (`id`)
) ENGINE=MyISAM AUTO_INCREMENT=21 DEFAULT CHARSET=utf8;/* DBReback Separation */
 /* 插入数据 `lzh_name_apply` */
 INSERT INTO `lzh_name_apply` VALUES ('1','6','1402714003','1','372922198812127891','');/* DBReback Separation */
 /* 插入数据 `lzh_name_apply` */
 INSERT INTO `lzh_name_apply` VALUES ('2','1','1402714018','1','372901199010271210','');/* DBReback Separation */
 /* 插入数据 `lzh_name_apply` */
 INSERT INTO `lzh_name_apply` VALUES ('3','5','1402714164','1','37292919850203271X','');/* DBReback Separation */
 /* 插入数据 `lzh_name_apply` */
 INSERT INTO `lzh_name_apply` VALUES ('4','4','1402714366','1','372928199006157482','');/* DBReback Separation */
 /* 插入数据 `lzh_name_apply` */
 INSERT INTO `lzh_name_apply` VALUES ('5','8','1402715410','1','372929198709163637','');/* DBReback Separation */
 /* 插入数据 `lzh_name_apply` */
 INSERT INTO `lzh_name_apply` VALUES ('6','13','1403243072','1','211221199003126666','');/* DBReback Separation */
 /* 插入数据 `lzh_name_apply` */
 INSERT INTO `lzh_name_apply` VALUES ('7','21','1404553780','1','211221199003126666','');/* DBReback Separation */
 /* 插入数据 `lzh_name_apply` */
 INSERT INTO `lzh_name_apply` VALUES ('8','23','1405581617','1','372929198708093913','');/* DBReback Separation */
 /* 插入数据 `lzh_name_apply` */
 INSERT INTO `lzh_name_apply` VALUES ('9','32','1404657852','1','53352219861223101X','');/* DBReback Separation */
 /* 插入数据 `lzh_name_apply` */
 INSERT INTO `lzh_name_apply` VALUES ('10','41','1405409719','1','37292919850203271X','');/* DBReback Separation */
 /* 插入数据 `lzh_name_apply` */
 INSERT INTO `lzh_name_apply` VALUES ('11','17','1406688731','1','37293019880501520X','');/* DBReback Separation */
 /* 插入数据 `lzh_name_apply` */
 INSERT INTO `lzh_name_apply` VALUES ('12','58','1406873545','1','152801198703025310','');/* DBReback Separation */
 /* 插入数据 `lzh_name_apply` */
 INSERT INTO `lzh_name_apply` VALUES ('13','64','1407311973','1','372929198708093913','');/* DBReback Separation */
 /* 插入数据 `lzh_name_apply` */
 INSERT INTO `lzh_name_apply` VALUES ('14','79','1409107947','1','621201197807137733','');/* DBReback Separation */
 /* 插入数据 `lzh_name_apply` */
 INSERT INTO `lzh_name_apply` VALUES ('15','80','1409211668','1','150101198001010018','');/* DBReback Separation */
 /* 插入数据 `lzh_name_apply` */
 INSERT INTO `lzh_name_apply` VALUES ('16','84','1409392314','1','411111111111111111','');/* DBReback Separation */
 /* 插入数据 `lzh_name_apply` */
 INSERT INTO `lzh_name_apply` VALUES ('17','95','1409872741','1','130582198707040012','');/* DBReback Separation */
 /* 插入数据 `lzh_name_apply` */
 INSERT INTO `lzh_name_apply` VALUES ('18','97','1410074387','1','130533198504016613','');/* DBReback Separation */
 /* 插入数据 `lzh_name_apply` */
 INSERT INTO `lzh_name_apply` VALUES ('19','99','1410075390','1','452127198710043310','');/* DBReback Separation */
 /* 插入数据 `lzh_name_apply` */
 INSERT INTO `lzh_name_apply` VALUES ('20','106','1410492536','0','130281198606223570','');/* DBReback Separation */ 
 /* 数据表结构 `lzh_navigation`*/ 
 DROP TABLE IF EXISTS `lzh_navigation`;/* DBReback Separation */ 
 CREATE TABLE `lzh_navigation` (
  `id` smallint(6) NOT NULL AUTO_INCREMENT,
  `type_name` varchar(40) NOT NULL,
  `type_url` varchar(200) NOT NULL,
  `type_keyword` varchar(200) NOT NULL,
  `type_info` varchar(400) NOT NULL,
  `type_content` text NOT NULL,
  `sort_order` int(11) NOT NULL,
  `type_set` tinyint(1) NOT NULL DEFAULT '0',
  `parent_id` smallint(6) NOT NULL,
  `type_nid` varchar(50) NOT NULL,
  `is_hiden` int(1) unsigned NOT NULL DEFAULT '0',
  `add_time` int(10) unsigned NOT NULL,
  `is_sys` tinyint(3) unsigned NOT NULL,
  `model` char(30) NOT NULL,
  PRIMARY KEY (`id`)
) ENGINE=MyISAM AUTO_INCREMENT=56 DEFAULT CHARSET=utf8;/* DBReback Separation */
 /* 插入数据 `lzh_navigation` */
 INSERT INTO `lzh_navigation` VALUES ('1','网站首页','/index.html','','','','10','2','0','indexs','0','1386156845','0','navigation');/* DBReback Separation */
 /* 插入数据 `lzh_navigation` */
 INSERT INTO `lzh_navigation` VALUES ('2','我要投资','/invest/index.html','','','','9','2','0','invests','0','1386156886','0','navigation');/* DBReback Separation */
 /* 插入数据 `lzh_navigation` */
 INSERT INTO `lzh_navigation` VALUES ('3','我要借款','/borrow/index.html','','','','8','2','0','borrows','0','1386156927','0','navigation');/* DBReback Separation */
 /* 插入数据 `lzh_navigation` */
 INSERT INTO `lzh_navigation` VALUES ('5','积分商城','/market/index/','','','','6','2','0','market','0','1386157007','0','navigation');/* DBReback Separation */
 /* 插入数据 `lzh_navigation` */
 INSERT INTO `lzh_navigation` VALUES ('7','关于我们','/aboutus/jianjie.html','','','<div><img style=\"margin: 10px; width: 360px; float: right; height: 256px\" alt=\"\" src=\"/UF/Uploads/Article/20131125183424.gif\" /> 　　XXX网站隶属于XXXXXX管理有限公司。XXXXXX经工商局登记注册于2013年成立，注册资本1000万。位于XXXXXXXXXXXXXXXXXXXXXXXXX。是目前XX地区最安全、最专业的网络信贷理财平台之一</div><div>XXXX顺应全球电子商务未来发展的趋势，充分挖掘互联网金融市场潜力，通过建立一个安全、高效、诚信、互惠互助的网络借贷平台，让人们有机会相互帮助实现双赢的结果，帮助投资者及创业者更好地应对目前世界金融危机影响下的经济困境。</div><div>我们深信，依赖现代网络创新技术将民间借贷引入的模式，定会在快捷、便利、透明的体系下得到更健康的发展，并实现利益最大化！</div><div>XXXXX严格遵守国家相关法律法规，并敦促其会员在信息发布和使用过程中严格遵守相关法规。同时，我们也将竭尽所能，不断完善对网站平台的管理！</div><div>让我们携起手来，愿您的财富同xxxx一起成长！</div><div>愿您的创业梦想，在盛世下飞翔！</div><div>&nbsp;</div><div><div><strong><span style=\"font-size: 24px\">P2P平台介绍</span></strong></div><div>XXXXX采用创新的技术和理念，通过互联网建立一个安全、高效、诚信的平台，规范了个人之间的借贷行为，使之更加安全、有效。让人们有机会得到帮助，以及帮助到需要的朋友，同时得到更好的回报。</div><div>现实中朋友家人之间往往由于面子等问题不方便借款以及不好意思催款。XXXXX鼓励大家通过这一平台来帮助解决这些问题。另外，如果朋友家人正好没有钱帮您，而朋友的朋友很可能有闲钱，大家通过人人聚财这个平台就可传递这种信赖关系,扩大信赖的朋友圈子，解决自己的问题。</div><div>通过下面图片可以了解XXXXX如何工作的：需要钱的人发布信息，其他人以竞标方式参与，聚合大众的力量，以市场化的方式决定利率，以及监督借款行为。</div><div style=\"text-align: center\">&nbsp;<img style=\"margin: 0px; float: none\" alt=\"\" src=\"/UF/Uploads/Article/20131125182918.gif\" /></div><div><strong><span style=\"font-size: 24px\">平成立目的台</span></strong></div><div>为有需要帮助的人伸出援手！为有能力的人实现资产增值！让我们成为成功路上最好的伙伴！&nbsp;</div><div>&nbsp;</div><div><strong><span style=\"font-size: 24px\">愿景</span></strong></div><div>打造一个全民参与、安全、高效、诚信、互惠互利的互联网金融服务平台</div><div>&nbsp;</div></div>','4','2','0','about','0','1386157108','0','navigation');/* DBReback Separation */
 /* 插入数据 `lzh_navigation` */
 INSERT INTO `lzh_navigation` VALUES ('9','我的账户','/member/index.html','','','','2','2','0','members','1','1386157201','0','navigation');/* DBReback Separation */
 /* 插入数据 `lzh_navigation` */
 INSERT INTO `lzh_navigation` VALUES ('19','散标投资','/invest/index.html','','','','10','2','2','borrowing','0','1386212416','0','navigation');/* DBReback Separation */
 /* 插入数据 `lzh_navigation` */
 INSERT INTO `lzh_navigation` VALUES ('48','政策法规','/aboutus/zcfgd.html','','','','0','2','7','','0','1399189875','0','navigation');/* DBReback Separation */
 /* 插入数据 `lzh_navigation` */
 INSERT INTO `lzh_navigation` VALUES ('46','公司证件','/aboutus/zizhi.html','','','','8','2','7','','0','1399189538','0','navigation');/* DBReback Separation */
 /* 插入数据 `lzh_navigation` */
 INSERT INTO `lzh_navigation` VALUES ('47','资费说明','/aboutus/zfsm.html','','','','7','2','7','','0','1399189583','0','navigation');/* DBReback Separation */
 /* 插入数据 `lzh_navigation` */
 INSERT INTO `lzh_navigation` VALUES ('45','公司简介','/aboutus/jianjie.html','','','','10','2','7','','0','1399189491','0','navigation');/* DBReback Separation */
 /* 插入数据 `lzh_navigation` */
 INSERT INTO `lzh_navigation` VALUES ('41','债权转让','/debt/index','','','','7','2','2','debt','0','1389583429','0','navigation');/* DBReback Separation */
 /* 插入数据 `lzh_navigation` */
 INSERT INTO `lzh_navigation` VALUES ('42','积分抽奖','/market/lottery/','','','','1','2','5','choujiang','0','1389956064','0','navigation');/* DBReback Separation */
 /* 插入数据 `lzh_navigation` */
 INSERT INTO `lzh_navigation` VALUES ('43','积分兑换','/market/index/','','','','2','2','5','exchange','0','1389956169','0','navigation');/* DBReback Separation */
 /* 插入数据 `lzh_navigation` */
 INSERT INTO `lzh_navigation` VALUES ('51','定投宝','/fund/index.html','','','','8','2','2','','0','1402711350','0','navigation');/* DBReback Separation */
 /* 插入数据 `lzh_navigation` */
 INSERT INTO `lzh_navigation` VALUES ('55','安全保障','www.baidu.com','','','','0','2','0','','1','1409112046','0','navigation');/* DBReback Separation */ 
 /* 数据表结构 `lzh_oauth`*/ 
 DROP TABLE IF EXISTS `lzh_oauth`;/* DBReback Separation */ 
 CREATE TABLE `lzh_oauth` (
  `id` int(10) unsigned NOT NULL AUTO_INCREMENT,
  `is_bind` tinyint(30) NOT NULL DEFAULT '0',
  `site` varchar(30) NOT NULL DEFAULT '',
  `openid` varchar(255) NOT NULL DEFAULT '',
  `nickname` varchar(255) NOT NULL DEFAULT '',
  `avatar` varchar(255) NOT NULL DEFAULT '',
  `url` varchar(255) NOT NULL DEFAULT '',
  `logintimes` int(10) unsigned NOT NULL DEFAULT '0',
  `logintime` int(10) unsigned NOT NULL DEFAULT '0',
  `bind_uid` int(10) NOT NULL DEFAULT '0',
  `addtime` int(10) unsigned NOT NULL DEFAULT '0',
  PRIMARY KEY (`id`),
  KEY `site` (`site`,`openid`),
  KEY `uname` (`is_bind`)
) ENGINE=MyISAM DEFAULT CHARSET=utf8;/* DBReback Separation */ 
 /* 数据表结构 `lzh_qq`*/ 
 DROP TABLE IF EXISTS `lzh_qq`;/* DBReback Separation */ 
 CREATE TABLE `lzh_qq` (
  `id` int(11) NOT NULL AUTO_INCREMENT,
  `qq_num` varchar(50) NOT NULL,
  `qq_title` varchar(100) NOT NULL,
  `qq_order` int(2) NOT NULL,
  `is_show` int(1) NOT NULL DEFAULT '1',
  `type` int(1) NOT NULL COMMENT '0：qq号；1：qq群；2：客服电话',
  PRIMARY KEY (`id`)
) ENGINE=MyISAM AUTO_INCREMENT=6 DEFAULT CHARSET=utf8;/* DBReback Separation */
 /* 插入数据 `lzh_qq` */
 INSERT INTO `lzh_qq` VALUES ('1','713050126','绿麻雀-闯闯','0','1','0');/* DBReback Separation */
 /* 插入数据 `lzh_qq` */
 INSERT INTO `lzh_qq` VALUES ('2','400-050-0207','24小时客服电话','0','1','2');/* DBReback Separation */
 /* 插入数据 `lzh_qq` */
 INSERT INTO `lzh_qq` VALUES ('3','64645461','授信财富交流群','0','1','1');/* DBReback Separation */
 /* 插入数据 `lzh_qq` */
 INSERT INTO `lzh_qq` VALUES ('4','713050127','绿麻雀-晨晨','0','1','0');/* DBReback Separation */
 /* 插入数据 `lzh_qq` */
 INSERT INTO `lzh_qq` VALUES ('5','713050115','绿麻雀-爽爽','0','1','0');/* DBReback Separation */ 
 /* 数据表结构 `lzh_smslog`*/ 
 DROP TABLE IF EXISTS `lzh_smslog`;/* DBReback Separation */ 
 CREATE TABLE `lzh_smslog` (
  `id` int(10) unsigned NOT NULL AUTO_INCREMENT,
  `admin_id` int(11) NOT NULL,
  `admin_real_name` varchar(50) NOT NULL,
  `user_name` varchar(50) NOT NULL,
  `user_email` varchar(50) NOT NULL,
  `user_phone` varchar(50) NOT NULL,
  `title` varchar(20) NOT NULL,
  `content` varchar(500) NOT NULL,
  `add_time` int(10) NOT NULL DEFAULT '0',
  PRIMARY KEY (`id`)
) ENGINE=MyISAM AUTO_INCREMENT=12 DEFAULT CHARSET=utf8;/* DBReback Separation */
 /* 插入数据 `lzh_smslog` */
 INSERT INTO `lzh_smslog` VALUES ('1','113','admin','anshiquanshu','','','11','11','1402717345');/* DBReback Separation */
 /* 插入数据 `lzh_smslog` */
 INSERT INTO `lzh_smslog` VALUES ('2','113','admin','所有会员','','','1','1','1402717355');/* DBReback Separation */
 /* 插入数据 `lzh_smslog` */
 INSERT INTO `lzh_smslog` VALUES ('3','113','admin','所有会员','','','节日快乐。','节日快乐。','1405047945');/* DBReback Separation */
 /* 插入数据 `lzh_smslog` */
 INSERT INTO `lzh_smslog` VALUES ('4','113','admin','VIP会员','','','祝福','祝福','1405049439');/* DBReback Separation */
 /* 插入数据 `lzh_smslog` */
 INSERT INTO `lzh_smslog` VALUES ('5','113','admin','VIP会员','','','美丽','美丽','1405049458');/* DBReback Separation */
 /* 插入数据 `lzh_smslog` */
 INSERT INTO `lzh_smslog` VALUES ('6','113','admin','','VIP会员','','加油','加油','1405049482');/* DBReback Separation */
 /* 插入数据 `lzh_smslog` */
 INSERT INTO `lzh_smslog` VALUES ('7','113','admin','','VIP会员','','你好','你好','1405049496');/* DBReback Separation */
 /* 插入数据 `lzh_smslog` */
 INSERT INTO `lzh_smslog` VALUES ('8','113','admin','','非VIP会员','','你好','你好','1405049502');/* DBReback Separation */
 /* 插入数据 `lzh_smslog` */
 INSERT INTO `lzh_smslog` VALUES ('9','113','admin','','非VIP会员','','管理','管理','1405049520');/* DBReback Separation */
 /* 插入数据 `lzh_smslog` */
 INSERT INTO `lzh_smslog` VALUES ('10','113','admin','','非VIP会员','','模式','模式','1405049527');/* DBReback Separation */
 /* 插入数据 `lzh_smslog` */
 INSERT INTO `lzh_smslog` VALUES ('11','113','admin','','非VIP会员','','一流','一流','1405049533');/* DBReback Separation */ 
 /* 数据表结构 `lzh_sys_tip`*/ 
 DROP TABLE IF EXISTS `lzh_sys_tip`;/* DBReback Separation */ 
 CREATE TABLE `lzh_sys_tip` (
  `uid` int(10) unsigned NOT NULL,
  `tipset` varchar(300) NOT NULL,
  PRIMARY KEY (`uid`),
  KEY `tipset` (`tipset`)
) ENGINE=MyISAM DEFAULT CHARSET=utf8;/* DBReback Separation */
 /* 插入数据 `lzh_sys_tip` */
 INSERT INTO `lzh_sys_tip` VALUES ('1','chk1_1,chk2_1,chk6_1,chk9_1,chk10_1,chk11_1,chk27_1,chk14_1,chk15_1,chk18_1,');/* DBReback Separation */ 
 /* 数据表结构 `lzh_today_reward`*/ 
 DROP TABLE IF EXISTS `lzh_today_reward`;/* DBReback Separation */ 
 CREATE TABLE `lzh_today_reward` (
  `id` int(10) unsigned NOT NULL AUTO_INCREMENT,
  `borrow_id` int(10) unsigned NOT NULL,
  `reward_uid` int(10) unsigned NOT NULL,
  `invest_money` decimal(15,2) unsigned NOT NULL,
  `reward_money` decimal(10,2) unsigned NOT NULL,
  `reward_status` tinyint(3) unsigned NOT NULL DEFAULT '0',
  `add_time` int(10) NOT NULL,
  `deal_time` int(10) NOT NULL,
  `add_ip` varchar(20) NOT NULL,
  PRIMARY KEY (`id`)
) ENGINE=MyISAM AUTO_INCREMENT=2 DEFAULT CHARSET=utf8;/* DBReback Separation */
 /* 插入数据 `lzh_today_reward` */
 INSERT INTO `lzh_today_reward` VALUES ('1','28','84','1000000.00','1000.00','1','1409402870','1409402938','120.213.207.84');/* DBReback Separation */ 
 /* 数据表结构 `lzh_transfer_borrow_info`*/ 
 DROP TABLE IF EXISTS `lzh_transfer_borrow_info`;/* DBReback Separation */ 
 CREATE TABLE `lzh_transfer_borrow_info` (
  `id` int(10) unsigned NOT NULL AUTO_INCREMENT,
  `borrow_name` varchar(50) NOT NULL,
  `borrow_uid` int(11) NOT NULL,
  `borrow_duration` tinyint(3) unsigned NOT NULL,
  `borrow_money` decimal(15,2) NOT NULL,
  `borrow_interest` decimal(15,2) NOT NULL,
  `borrow_interest_rate` decimal(5,2) NOT NULL,
  `repayment_money` decimal(15,2) NOT NULL,
  `repayment_interest` decimal(15,2) NOT NULL,
  `repayment_type` tinyint(3) unsigned NOT NULL,
  `borrow_status` tinyint(3) unsigned NOT NULL,
  `transfer_out` int(10) NOT NULL,
  `transfer_back` int(10) unsigned NOT NULL,
  `transfer_total` int(10) NOT NULL,
  `per_transfer` int(10) NOT NULL,
  `add_time` int(10) NOT NULL,
  `deadline` int(10) unsigned NOT NULL,
  `add_ip` varchar(16) NOT NULL,
  `deal_user` int(10) unsigned NOT NULL,
  `deal_time` int(10) unsigned NOT NULL,
  `deal_info` varchar(500) NOT NULL,
  `borrow_info` varchar(2000) NOT NULL,
  `ensure_department` varchar(10) NOT NULL,
  `updata` varchar(2000) NOT NULL,
  `progress` tinyint(3) unsigned NOT NULL,
  `total` tinyint(4) NOT NULL,
  `is_show` tinyint(4) NOT NULL DEFAULT '1',
  `min_month` tinyint(4) NOT NULL DEFAULT '0',
  `reward_rate` float(5,2) NOT NULL DEFAULT '0.00' COMMENT '网站奖励(每月)',
  `increase_rate` float(5,2) NOT NULL DEFAULT '0.00' COMMENT '每月增加年利率',
  `borrow_fee` decimal(15,2) NOT NULL COMMENT '借款管理费',
  `level_can` tinyint(3) NOT NULL DEFAULT '0' COMMENT '0:允许普通会员投标；1:只允许VIP投标',
  `borrow_min` int(11) NOT NULL COMMENT '最低投标额度',
  `borrow_max` int(11) NOT NULL COMMENT '最高投标额度',
  `danbao` decimal(15,2) NOT NULL COMMENT '担保机构',
  `is_tuijian` tinyint(3) NOT NULL DEFAULT '0' COMMENT '是否设为推荐标 0表示不推荐；1表示推荐',
  `borrow_type` int(11) NOT NULL DEFAULT '6' COMMENT '刘',
  `b_img` varchar(200) NOT NULL COMMENT '流转标展示图片',
  `collect_day` int(10) NOT NULL COMMENT '允许投标的期限',
  `is_auto` tinyint(3) NOT NULL DEFAULT '0' COMMENT '是否允许自动投标 0：否；1：是。',
  `is_jijin` tinyint(3) NOT NULL DEFAULT '0' COMMENT '是否是定投宝 0：企业直投；1：定投宝',
  `online_time` int(10) NOT NULL DEFAULT '0' COMMENT '上线时间',
  `on_off` tinyint(2) NOT NULL COMMENT '是否显示 0：显示；1：不显示',
  PRIMARY KEY (`id`),
  KEY `borrow_uid` (`borrow_uid`,`borrow_status`) USING BTREE,
  KEY `borrow_status` (`is_show`) USING BTREE
) ENGINE=MyISAM AUTO_INCREMENT=28 DEFAULT CHARSET=utf8;/* DBReback Separation */
 /* 插入数据 `lzh_transfer_borrow_info` */
 INSERT INTO `lzh_transfer_borrow_info` VALUES ('1','DTB-00000001','2','1','10000.00','0.00','10.00','0.00','0.00','5','2','10','0','10','1000','1402713980','1405305980','192.168.0.125','0','0','','','','N;','100','1','0','1','0.00','0.00','0.00','0','0','5','143.00','0','6','','0','0','1','1402714492','1');/* DBReback Separation */
 /* 插入数据 `lzh_transfer_borrow_info` */
 INSERT INTO `lzh_transfer_borrow_info` VALUES ('2','DTB-00000002','2','10','10000.00','0.00','10.00','0.00','0.00','5','2','10','0','10','1000','1402714193','1428634193','192.168.0.125','0','0','','','','N;','100','1','0','0','0.30','0.00','10.00','0','0','0','0.00','0','6','','3','0','0','1402714764','1');/* DBReback Separation */
 /* 插入数据 `lzh_transfer_borrow_info` */
 INSERT INTO `lzh_transfer_borrow_info` VALUES ('3','DTB-00000003','2','10','10.00','0.00','20.00','0.00','0.00','2','2','1','0','1','10','1402714607','1428634607','192.168.0.107','0','0','','','','N;','100','1','0','0','0.08','0.00','50.00','0','0','0','0.00','0','6','','10','0','0','1402715143','1');/* DBReback Separation */
 /* 插入数据 `lzh_transfer_borrow_info` */
 INSERT INTO `lzh_transfer_borrow_info` VALUES ('4','DTB-00000004','2','15','1000.00','0.00','18.00','0.00','0.00','0','2','1','0','1','1000','1402714675','1441594675','192.168.0.107','0','0','','','','N;','100','15','0','15','0.00','0.00','50.00','0','0','0','143.00','0','6','','0','0','1','1402715244','1');/* DBReback Separation */
 /* 插入数据 `lzh_transfer_borrow_info` */
 INSERT INTO `lzh_transfer_borrow_info` VALUES ('5','DTB-00000005','2','1','10000.00','0.00','12.00','0.00','0.00','2','2','10','0','10','1000','1402715858','1405307858','192.168.0.114','0','0','','','','N;','100','1','0','0','10.00','0.00','1.00','0','0','0','0.00','0','6','','1','0','0','1402716390','1');/* DBReback Separation */
 /* 插入数据 `lzh_transfer_borrow_info` */
 INSERT INTO `lzh_transfer_borrow_info` VALUES ('6','DTB-00000006','3','12','1000000.00','0.00','13.00','0.00','0.00','5','2','1','0','1','1000000','1402716557','1433820557','192.168.0.135','0','0','','','','N;','100','1','0','0','0.01','0.00','5.00','0','0','10','0.00','0','6','','365','0','0','1402717091','1');/* DBReback Separation */
 /* 插入数据 `lzh_transfer_borrow_info` */
 INSERT INTO `lzh_transfer_borrow_info` VALUES ('7','DTB-00000007','6','22','1000.00','0.00','12.00','0.00','0.00','5','2','1','0','1','1000','1402716687','1459740687','192.168.0.100','0','0','','','','N;','100','1','0','0','1.00','0.00','10.00','0','0','0','0.00','0','6','','36','0','0','1402716743','1');/* DBReback Separation */
 /* 插入数据 `lzh_transfer_borrow_info` */
 INSERT INTO `lzh_transfer_borrow_info` VALUES ('8','DTB-00000009','3','24','100000000.00','0.00','13.00','0.00','0.00','0','2','1','0','100','1000000','1402716693','1464924693','192.168.0.135','0','0','','','','N;','1','24','1','24','0.00','0.00','5.00','0','0','0','143.00','0','6','','0','0','1','1402716652','1');/* DBReback Separation */
 /* 插入数据 `lzh_transfer_borrow_info` */
 INSERT INTO `lzh_transfer_borrow_info` VALUES ('9','DTB-00000008','5','1','10000.00','0.00','10.00','0.00','0.00','0','2','10','0','10','1000','1402716793','1405308793','192.168.0.114','0','0','','','','N;','100','1','0','1','0.00','0.00','0.00','0','0','0','143.00','0','6','','0','0','1','1402716194','1');/* DBReback Separation */
 /* 插入数据 `lzh_transfer_borrow_info` */
 INSERT INTO `lzh_transfer_borrow_info` VALUES ('10','DTB-00000010','4','3','5000.00','0.00','20.00','0.00','0.00','2','2','1','0','1','5000','1402716888','1410492888','192.168.0.123','0','0','','','','N;','100','1','0','0','0.03','0.00','300.00','0','0','0','0.00','0','6','','3','0','0','1402717350','1');/* DBReback Separation */
 /* 插入数据 `lzh_transfer_borrow_info` */
 INSERT INTO `lzh_transfer_borrow_info` VALUES ('11','DTB-00000011','6','6','1000000.00','0.00','12.00','0.00','0.00','0','2','1000','0','1000','1000','1402717315','1418269315','192.168.0.100','0','0','','','','N;','100','6','0','6','0.00','0.00','100.00','0','0','0','143.00','0','6','','0','0','1','1402717269','1');/* DBReback Separation */
 /* 插入数据 `lzh_transfer_borrow_info` */
 INSERT INTO `lzh_transfer_borrow_info` VALUES ('12','DTB-00000012','4','3','50000.00','0.00','20.00','0.00','0.00','0','2','100','0','100','500','1402717354','1410493354','192.168.0.123','0','0','','','','N;','100','3','0','3','0.00','0.00','200.00','0','0','0','143.00','0','6','','0','0','1','1402717249','1');/* DBReback Separation */
 /* 插入数据 `lzh_transfer_borrow_info` */
 INSERT INTO `lzh_transfer_borrow_info` VALUES ('13','DTB-00000013','0','3','10000.00','0.00','12.00','0.00','0.00','0','2','100','0','100','100','1402717511','1410493511','192.168.0.125','0','0','','','','N;','100','3','0','3','0.00','0.00','10.00','0','0','10','143.00','0','6','','0','0','1','1402718048','1');/* DBReback Separation */
 /* 插入数据 `lzh_transfer_borrow_info` */
 INSERT INTO `lzh_transfer_borrow_info` VALUES ('14','DTB-00000014','5','1','1000000.00','0.00','15.00','0.00','0.00','5','2','12','0','100','10000','1402717624','1405309624','192.168.0.114','0','0','','','','N;','12','1','1','0','1.00','0.00','1.00','0','0','0','0.00','0','6','','1','0','0','1402718186','1');/* DBReback Separation */
 /* 插入数据 `lzh_transfer_borrow_info` */
 INSERT INTO `lzh_transfer_borrow_info` VALUES ('15','DTB-00000015','10','6','2500000.00','0.00','68.00','0.00','0.00','0','2','400','0','500','5000','1402717722','1418269722','192.168.0.110','0','0','','','','N;','80','6','1','6','0.00','0.00','1800.00','0','0','0','144.00','0','6','','0','0','1','1402717632','1');/* DBReback Separation */
 /* 插入数据 `lzh_transfer_borrow_info` */
 INSERT INTO `lzh_transfer_borrow_info` VALUES ('16','DTB-00000009','2','6','10000.00','0.00','12.00','0.00','0.00','5','2','0','0','10000','1','1406300893','1421852893','120.84.13.57','0','0','','','','N;','0','6','1','6','0.00','0.00','0.00','0','0','0','143.00','0','6','','0','0','1','1406300955','1');/* DBReback Separation */
 /* 插入数据 `lzh_transfer_borrow_info` */
 INSERT INTO `lzh_transfer_borrow_info` VALUES ('18','DTB-00000011','3','1','1000000000.00','0.00','10.00','0.00','0.00','0','2','80','0','10000','100000','1406945655','1409537655','183.39.193.211','0','0','','','','N;','1','1','1','1','0.00','0.00','10.00','0','0','0','143.00','0','6','','0','0','1','1406945519','1');/* DBReback Separation */
 /* 插入数据 `lzh_transfer_borrow_info` */
 INSERT INTO `lzh_transfer_borrow_info` VALUES ('19','DTB-00000012','2','6','67872.00','0.00','14.00','0.00','0.00','0','2','0','0','32','2121','1407138515','1422690515','14.222.42.242','0','0','','','','N;','0','6','1','6','0.00','0.00','123.00','0','0','0','143.00','0','6','','0','0','1','1407149264','1');/* DBReback Separation */
 /* 插入数据 `lzh_transfer_borrow_info` */
 INSERT INTO `lzh_transfer_borrow_info` VALUES ('20','DTB-00000013','55','12','200000.00','0.00','15.00','0.00','0.00','5','2','0','0','200','1000','1407295979','1438399979','118.186.197.214','0','0','','','','N;','0','12','1','12','0.00','0.00','5.00','0','0','0','143.00','0','6','','0','0','1','1407297320','1');/* DBReback Separation */
 /* 插入数据 `lzh_transfer_borrow_info` */
 INSERT INTO `lzh_transfer_borrow_info` VALUES ('21','DTB-00000014','3','12','40000.00','0.00','15.00','0.00','0.00','5','2','10','0','20','2000','1407297145','1438401145','118.186.197.214','0','0','','','','N;','50','12','1','12','0.00','0.00','20.00','0','0','0','143.00','0','6','','0','0','1','1407297128','1');/* DBReback Separation */
 /* 插入数据 `lzh_transfer_borrow_info` */
 INSERT INTO `lzh_transfer_borrow_info` VALUES ('22','DTB-00000015','54','12','200000.00','0.00','16.00','0.00','0.00','0','2','0','0','50','4000','1407312730','1438416730','118.186.197.214','0','0','','','','N;','0','12','1','12','0.00','0.00','0.10','0','0','0','143.00','0','6','','0','0','1','1407323471','1');/* DBReback Separation */
 /* 插入数据 `lzh_transfer_borrow_info` */
 INSERT INTO `lzh_transfer_borrow_info` VALUES ('23','DTB-00000016','2','1','10000.00','0.00','18.00','0.00','0.00','5','2','1','0','10','1000','1407919362','1410511362','118.186.197.214','0','0','','','','N;','10','1','1','1','0.00','0.00','100.00','0','0','0','143.00','0','6','','0','0','1','1407919431','0');/* DBReback Separation */
 /* 插入数据 `lzh_transfer_borrow_info` */
 INSERT INTO `lzh_transfer_borrow_info` VALUES ('24','DTB-00000017','3','3','20000.00','0.00','10.00','0.00','0.00','0','2','0','0','2','10000','1407978641','1415754641','118.186.197.214','0','0','','','','N;','0','3','1','3','0.00','0.00','500.00','0','0','0','143.00','0','6','','0','0','1','1407989307','1');/* DBReback Separation */
 /* 插入数据 `lzh_transfer_borrow_info` */
 INSERT INTO `lzh_transfer_borrow_info` VALUES ('25','DTB-00000018','64','12','1000000.00','0.00','30.00','0.00','0.00','5','2','0','0','100','10000','1409020753','1440124753','222.209.6.132','0','0','','','','N;','0','12','1','12','0.00','0.00','5000.00','0','0','0','143.00','0','6','','0','0','1','1409020984','1');/* DBReback Separation */
 /* 插入数据 `lzh_transfer_borrow_info` */
 INSERT INTO `lzh_transfer_borrow_info` VALUES ('26','DTB-00000019','3','6','500000.00','0.00','12.00','0.00','0.00','5','2','0','0','10','50000','1409279396','1424831396','222.223.219.84','0','0','','','','N;','0','6','1','6','0.00','0.00','2.00','0','0','0','143.00','0','6','','0','0','1','1409279484','1');/* DBReback Separation */
 /* 插入数据 `lzh_transfer_borrow_info` */
 INSERT INTO `lzh_transfer_borrow_info` VALUES ('27','DTB-00000019','104','1','50000.00','0.00','20.00','0.00','0.00','0','2','50','0','50','1000','1410343332','1412935332','112.65.17.206','0','0','','','','N;','100','1','0','1','0.00','0.00','0.00','0','0','0','143.00','0','6','','0','0','1','1409565688','1');/* DBReback Separation */ 
 /* 数据表结构 `lzh_transfer_borrow_info_lock`*/ 
 DROP TABLE IF EXISTS `lzh_transfer_borrow_info_lock`;/* DBReback Separation */ 
 CREATE TABLE `lzh_transfer_borrow_info_lock` (
  `id` int(10) NOT NULL AUTO_INCREMENT,
  `suo` int(10) NOT NULL,
  PRIMARY KEY (`id`)
) ENGINE=MyISAM AUTO_INCREMENT=28 DEFAULT CHARSET=utf8;/* DBReback Separation */
 /* 插入数据 `lzh_transfer_borrow_info_lock` */
 INSERT INTO `lzh_transfer_borrow_info_lock` VALUES ('1','0');/* DBReback Separation */
 /* 插入数据 `lzh_transfer_borrow_info_lock` */
 INSERT INTO `lzh_transfer_borrow_info_lock` VALUES ('2','0');/* DBReback Separation */
 /* 插入数据 `lzh_transfer_borrow_info_lock` */
 INSERT INTO `lzh_transfer_borrow_info_lock` VALUES ('3','0');/* DBReback Separation */
 /* 插入数据 `lzh_transfer_borrow_info_lock` */
 INSERT INTO `lzh_transfer_borrow_info_lock` VALUES ('4','0');/* DBReback Separation */
 /* 插入数据 `lzh_transfer_borrow_info_lock` */
 INSERT INTO `lzh_transfer_borrow_info_lock` VALUES ('5','0');/* DBReback Separation */
 /* 插入数据 `lzh_transfer_borrow_info_lock` */
 INSERT INTO `lzh_transfer_borrow_info_lock` VALUES ('6','0');/* DBReback Separation */
 /* 插入数据 `lzh_transfer_borrow_info_lock` */
 INSERT INTO `lzh_transfer_borrow_info_lock` VALUES ('7','0');/* DBReback Separation */
 /* 插入数据 `lzh_transfer_borrow_info_lock` */
 INSERT INTO `lzh_transfer_borrow_info_lock` VALUES ('8','0');/* DBReback Separation */
 /* 插入数据 `lzh_transfer_borrow_info_lock` */
 INSERT INTO `lzh_transfer_borrow_info_lock` VALUES ('9','0');/* DBReback Separation */
 /* 插入数据 `lzh_transfer_borrow_info_lock` */
 INSERT INTO `lzh_transfer_borrow_info_lock` VALUES ('10','0');/* DBReback Separation */
 /* 插入数据 `lzh_transfer_borrow_info_lock` */
 INSERT INTO `lzh_transfer_borrow_info_lock` VALUES ('11','0');/* DBReback Separation */
 /* 插入数据 `lzh_transfer_borrow_info_lock` */
 INSERT INTO `lzh_transfer_borrow_info_lock` VALUES ('12','0');/* DBReback Separation */
 /* 插入数据 `lzh_transfer_borrow_info_lock` */
 INSERT INTO `lzh_transfer_borrow_info_lock` VALUES ('13','0');/* DBReback Separation */
 /* 插入数据 `lzh_transfer_borrow_info_lock` */
 INSERT INTO `lzh_transfer_borrow_info_lock` VALUES ('14','0');/* DBReback Separation */
 /* 插入数据 `lzh_transfer_borrow_info_lock` */
 INSERT INTO `lzh_transfer_borrow_info_lock` VALUES ('15','0');/* DBReback Separation */
 /* 插入数据 `lzh_transfer_borrow_info_lock` */
 INSERT INTO `lzh_transfer_borrow_info_lock` VALUES ('16','0');/* DBReback Separation */
 /* 插入数据 `lzh_transfer_borrow_info_lock` */
 INSERT INTO `lzh_transfer_borrow_info_lock` VALUES ('17','0');/* DBReback Separation */
 /* 插入数据 `lzh_transfer_borrow_info_lock` */
 INSERT INTO `lzh_transfer_borrow_info_lock` VALUES ('18','0');/* DBReback Separation */
 /* 插入数据 `lzh_transfer_borrow_info_lock` */
 INSERT INTO `lzh_transfer_borrow_info_lock` VALUES ('19','0');/* DBReback Separation */
 /* 插入数据 `lzh_transfer_borrow_info_lock` */
 INSERT INTO `lzh_transfer_borrow_info_lock` VALUES ('20','0');/* DBReback Separation */
 /* 插入数据 `lzh_transfer_borrow_info_lock` */
 INSERT INTO `lzh_transfer_borrow_info_lock` VALUES ('21','0');/* DBReback Separation */
 /* 插入数据 `lzh_transfer_borrow_info_lock` */
 INSERT INTO `lzh_transfer_borrow_info_lock` VALUES ('22','0');/* DBReback Separation */
 /* 插入数据 `lzh_transfer_borrow_info_lock` */
 INSERT INTO `lzh_transfer_borrow_info_lock` VALUES ('23','0');/* DBReback Separation */
 /* 插入数据 `lzh_transfer_borrow_info_lock` */
 INSERT INTO `lzh_transfer_borrow_info_lock` VALUES ('24','0');/* DBReback Separation */
 /* 插入数据 `lzh_transfer_borrow_info_lock` */
 INSERT INTO `lzh_transfer_borrow_info_lock` VALUES ('25','0');/* DBReback Separation */
 /* 插入数据 `lzh_transfer_borrow_info_lock` */
 INSERT INTO `lzh_transfer_borrow_info_lock` VALUES ('26','0');/* DBReback Separation */
 /* 插入数据 `lzh_transfer_borrow_info_lock` */
 INSERT INTO `lzh_transfer_borrow_info_lock` VALUES ('27','0');/* DBReback Separation */ 
 /* 数据表结构 `lzh_transfer_borrow_investor`*/ 
 DROP TABLE IF EXISTS `lzh_transfer_borrow_investor`;/* DBReback Separation */ 
 CREATE TABLE `lzh_transfer_borrow_investor` (
  `id` int(10) unsigned NOT NULL AUTO_INCREMENT,
  `status` tinyint(3) unsigned NOT NULL DEFAULT '0',
  `borrow_id` int(10) unsigned NOT NULL,
  `investor_uid` int(10) unsigned NOT NULL,
  `borrow_uid` int(11) NOT NULL,
  `investor_capital` decimal(15,2) NOT NULL,
  `investor_interest` decimal(15,2) NOT NULL,
  `invest_fee` decimal(15,2) NOT NULL,
  `receive_capital` decimal(15,2) NOT NULL,
  `receive_interest` decimal(15,2) NOT NULL,
  `add_time` int(10) unsigned NOT NULL,
  `deadline` int(10) unsigned NOT NULL,
  `is_auto` tinyint(3) unsigned NOT NULL DEFAULT '0',
  `reward_money` decimal(15,2) NOT NULL,
  `transfer_num` int(10) unsigned NOT NULL DEFAULT '0',
  `transfer_month` int(10) unsigned NOT NULL DEFAULT '0',
  `back_time` int(10) unsigned NOT NULL,
  `final_interest_rate` float(5,2) NOT NULL DEFAULT '0.00',
  `is_jijin` tinyint(3) NOT NULL COMMENT '是否定投保：1：定投宝；0：直投',
  PRIMARY KEY (`id`),
  KEY `investor_uid` (`investor_uid`,`status`) USING BTREE,
  KEY `borrow_id` (`borrow_id`,`investor_uid`,`status`) USING BTREE,
  KEY `deadline` (`deadline`,`status`) USING BTREE
) ENGINE=MyISAM AUTO_INCREMENT=40 DEFAULT CHARSET=utf8;/* DBReback Separation */
 /* 插入数据 `lzh_transfer_borrow_investor` */
 INSERT INTO `lzh_transfer_borrow_investor` VALUES ('1','1','1','1','2','1000.00','8.33','0.83','0.00','0.00','1402715178','1405307178','0','0.00','1','1','0','10.00','1');/* DBReback Separation */
 /* 插入数据 `lzh_transfer_borrow_investor` */
 INSERT INTO `lzh_transfer_borrow_investor` VALUES ('2','1','2','1','2','1000.00','83.33','8.33','0.00','0.00','1402715222','1428635222','0','3.00','1','10','0','10.00','0');/* DBReback Separation */
 /* 插入数据 `lzh_transfer_borrow_investor` */
 INSERT INTO `lzh_transfer_borrow_investor` VALUES ('3','1','3','1','2','10.00','0.95','0.10','0.00','0.00','1402715514','1428635514','0','0.01','1','10','0','20.00','0');/* DBReback Separation */
 /* 插入数据 `lzh_transfer_borrow_investor` */
 INSERT INTO `lzh_transfer_borrow_investor` VALUES ('4','1','2','9','2','9000.00','750.00','75.00','0.00','0.00','1402716044','1428636044','0','27.00','9','10','0','10.00','0');/* DBReback Separation */
 /* 插入数据 `lzh_transfer_borrow_investor` */
 INSERT INTO `lzh_transfer_borrow_investor` VALUES ('5','1','4','9','2','1000.00','225.00','22.50','0.00','0.00','1402716140','1441596140','0','0.00','1','15','0','18.00','1');/* DBReback Separation */
 /* 插入数据 `lzh_transfer_borrow_investor` */
 INSERT INTO `lzh_transfer_borrow_investor` VALUES ('6','1','1','3','2','1000.00','8.33','0.83','0.00','0.00','1402716273','1405308273','0','0.00','1','1','0','10.00','1');/* DBReback Separation */
 /* 插入数据 `lzh_transfer_borrow_investor` */
 INSERT INTO `lzh_transfer_borrow_investor` VALUES ('7','1','1','9','2','1000.00','8.33','0.83','0.00','0.00','1402716291','1405308291','0','0.00','1','1','0','10.00','1');/* DBReback Separation */
 /* 插入数据 `lzh_transfer_borrow_investor` */
 INSERT INTO `lzh_transfer_borrow_investor` VALUES ('8','1','1','9','2','1000.00','8.33','0.83','0.00','0.00','1402716309','1405308309','0','0.00','1','1','0','10.00','1');/* DBReback Separation */
 /* 插入数据 `lzh_transfer_borrow_investor` */
 INSERT INTO `lzh_transfer_borrow_investor` VALUES ('9','1','5','9','2','1000.00','10.00','1.00','0.00','0.00','1402716402','1405308402','0','100.00','1','1','0','12.00','0');/* DBReback Separation */
 /* 插入数据 `lzh_transfer_borrow_investor` */
 INSERT INTO `lzh_transfer_borrow_investor` VALUES ('10','1','1','8','2','2000.00','16.67','1.67','0.00','0.00','1402716554','1405308554','0','0.00','2','1','0','10.00','1');/* DBReback Separation */
 /* 插入数据 `lzh_transfer_borrow_investor` */
 INSERT INTO `lzh_transfer_borrow_investor` VALUES ('11','1','5','8','2','5000.00','50.00','5.00','0.00','0.00','1402716707','1405308707','0','500.00','5','1','0','12.00','0');/* DBReback Separation */
 /* 插入数据 `lzh_transfer_borrow_investor` */
 INSERT INTO `lzh_transfer_borrow_investor` VALUES ('12','1','9','10','5','1000.00','8.33','0.83','0.00','0.00','1402716832','1405308832','0','0.00','1','1','0','10.00','1');/* DBReback Separation */
 /* 插入数据 `lzh_transfer_borrow_investor` */
 INSERT INTO `lzh_transfer_borrow_investor` VALUES ('13','1','9','10','5','9000.00','75.00','7.50','0.00','0.00','1402716864','1405308864','0','0.00','9','1','0','10.00','1');/* DBReback Separation */
 /* 插入数据 `lzh_transfer_borrow_investor` */
 INSERT INTO `lzh_transfer_borrow_investor` VALUES ('14','1','1','11','2','1000.00','8.33','0.83','0.00','0.00','1402717031','1405309031','0','0.00','1','1','0','10.00','1');/* DBReback Separation */
 /* 插入数据 `lzh_transfer_borrow_investor` */
 INSERT INTO `lzh_transfer_borrow_investor` VALUES ('15','1','7','11','6','1000.00','220.00','22.00','0.00','0.00','1402717089','1459741089','0','10.00','1','22','0','12.00','0');/* DBReback Separation */
 /* 插入数据 `lzh_transfer_borrow_investor` */
 INSERT INTO `lzh_transfer_borrow_investor` VALUES ('16','1','6','6','3','1000000.00','130000.00','13000.00','0.00','0.00','1402717659','1433821659','0','100.00','1','12','0','13.00','0');/* DBReback Separation */
 /* 插入数据 `lzh_transfer_borrow_investor` */
 INSERT INTO `lzh_transfer_borrow_investor` VALUES ('17','1','1','1','2','1000.00','8.33','0.83','0.00','0.00','1402718063','1405310063','0','0.00','1','1','0','10.00','1');/* DBReback Separation */
 /* 插入数据 `lzh_transfer_borrow_investor` */
 INSERT INTO `lzh_transfer_borrow_investor` VALUES ('18','1','14','6','5','10000.00','125.00','12.50','0.00','0.00','1402724101','1405316101','0','100.00','1','1','0','15.00','0');/* DBReback Separation */
 /* 插入数据 `lzh_transfer_borrow_investor` */
 INSERT INTO `lzh_transfer_borrow_investor` VALUES ('19','1','1','11','2','1000.00','8.33','0.83','0.00','0.00','1402724229','1405316229','0','0.00','1','1','0','10.00','1');/* DBReback Separation */
 /* 插入数据 `lzh_transfer_borrow_investor` */
 INSERT INTO `lzh_transfer_borrow_investor` VALUES ('20','1','14','9','5','10000.00','125.00','12.50','0.00','0.00','1402724309','1405316309','0','100.00','1','1','0','15.00','0');/* DBReback Separation */
 /* 插入数据 `lzh_transfer_borrow_investor` */
 INSERT INTO `lzh_transfer_borrow_investor` VALUES ('21','1','10','2','4','5000.00','167.58','16.75','0.00','0.00','1402726822','1410502822','0','1.50','1','3','0','20.00','0');/* DBReback Separation */
 /* 插入数据 `lzh_transfer_borrow_investor` */
 INSERT INTO `lzh_transfer_borrow_investor` VALUES ('22','1','13','2','0','100.00','3.00','0.30','0.00','0.00','1402726846','1410502846','0','0.00','1','3','0','12.00','1');/* DBReback Separation */
 /* 插入数据 `lzh_transfer_borrow_investor` */
 INSERT INTO `lzh_transfer_borrow_investor` VALUES ('23','1','13','2','0','9900.00','297.00','29.70','0.00','0.00','1402727943','1410503943','0','0.00','99','3','0','12.00','1');/* DBReback Separation */
 /* 插入数据 `lzh_transfer_borrow_investor` */
 INSERT INTO `lzh_transfer_borrow_investor` VALUES ('24','1','5','8','2','4000.00','40.00','4.00','0.00','0.00','1402728897','1405320897','0','400.00','4','1','0','12.00','0');/* DBReback Separation */
 /* 插入数据 `lzh_transfer_borrow_investor` */
 INSERT INTO `lzh_transfer_borrow_investor` VALUES ('25','1','14','8','5','100000.00','1250.00','125.00','0.00','0.00','1402729238','1405321238','0','1000.00','10','1','0','15.00','0');/* DBReback Separation */
 /* 插入数据 `lzh_transfer_borrow_investor` */
 INSERT INTO `lzh_transfer_borrow_investor` VALUES ('26','1','1','8','2','1000.00','8.33','0.83','0.00','0.00','1402731178','1405323178','0','0.00','1','1','0','10.00','1');/* DBReback Separation */
 /* 插入数据 `lzh_transfer_borrow_investor` */
 INSERT INTO `lzh_transfer_borrow_investor` VALUES ('27','1','12','21','4','50000.00','2499.99','249.99','0.00','0.00','1404813825','1412589825','0','0.00','100','3','0','20.00','1');/* DBReback Separation */
 /* 插入数据 `lzh_transfer_borrow_investor` */
 INSERT INTO `lzh_transfer_borrow_investor` VALUES ('28','1','11','32','6','1000000.00','60000.00','6000.00','0.00','0.00','1404658385','1420210385','0','0.00','1000','6','0','12.00','1');/* DBReback Separation */
 /* 插入数据 `lzh_transfer_borrow_investor` */
 INSERT INTO `lzh_transfer_borrow_investor` VALUES ('29','1','15','13','10','2000000.00','679999.98','67999.98','0.00','0.00','1404806263','1420358263','0','0.00','400','6','0','68.00','1');/* DBReback Separation */
 /* 插入数据 `lzh_transfer_borrow_investor` */
 INSERT INTO `lzh_transfer_borrow_investor` VALUES ('30','1','8','41','3','1000000.00','259999.92','25999.92','0.00','0.00','1405410076','1467618076','0','0.00','1','24','0','13.00','1');/* DBReback Separation */
 /* 插入数据 `lzh_transfer_borrow_investor` */
 INSERT INTO `lzh_transfer_borrow_investor` VALUES ('31','1','21','55','3','20000.00','3215.09','321.51','0.00','0.00','1407300271','1438404271','0','0.00','10','12','0','15.00','1');/* DBReback Separation */
 /* 插入数据 `lzh_transfer_borrow_investor` */
 INSERT INTO `lzh_transfer_borrow_investor` VALUES ('32','1','18','64','3','100000.00','833.33','83.33','0.00','0.00','1407311526','1409903526','0','0.00','1','1','0','10.00','1');/* DBReback Separation */
 /* 插入数据 `lzh_transfer_borrow_investor` */
 INSERT INTO `lzh_transfer_borrow_investor` VALUES ('33','1','23','13','2','1000.00','15.00','1.50','0.00','0.00','1407919697','1410511697','0','0.00','1','1','0','18.00','1');/* DBReback Separation */
 /* 插入数据 `lzh_transfer_borrow_investor` */
 INSERT INTO `lzh_transfer_borrow_investor` VALUES ('34','1','18','76','3','100000.00','833.33','83.33','0.00','0.00','1409066262','1411658262','0','0.00','1','1','0','10.00','1');/* DBReback Separation */
 /* 插入数据 `lzh_transfer_borrow_investor` */
 INSERT INTO `lzh_transfer_borrow_investor` VALUES ('35','1','18','79','3','300000.00','2500.00','250.00','0.00','0.00','1409110495','1411702495','0','0.00','3','1','0','10.00','1');/* DBReback Separation */
 /* 插入数据 `lzh_transfer_borrow_investor` */
 INSERT INTO `lzh_transfer_borrow_investor` VALUES ('36','1','18','84','3','1000000.00','8333.33','833.33','0.00','0.00','1409389751','1411981751','0','0.00','10','1','0','10.00','1');/* DBReback Separation */
 /* 插入数据 `lzh_transfer_borrow_investor` */
 INSERT INTO `lzh_transfer_borrow_investor` VALUES ('37','1','18','104','3','6000000.00','50000.00','5000.00','0.00','0.00','1410342008','1412934008','0','0.00','60','1','0','10.00','1');/* DBReback Separation */
 /* 插入数据 `lzh_transfer_borrow_investor` */
 INSERT INTO `lzh_transfer_borrow_investor` VALUES ('38','1','27','105','104','50000.00','833.33','83.33','0.00','0.00','1410343631','1412935631','0','0.00','50','1','0','20.00','1');/* DBReback Separation */
 /* 插入数据 `lzh_transfer_borrow_investor` */
 INSERT INTO `lzh_transfer_borrow_investor` VALUES ('39','1','18','19','3','500000.00','4166.67','416.67','0.00','0.00','1410423700','1413015700','0','0.00','5','1','0','10.00','1');/* DBReback Separation */ 
 /* 数据表结构 `lzh_transfer_detail`*/ 
 DROP TABLE IF EXISTS `lzh_transfer_detail`;/* DBReback Separation */ 
 CREATE TABLE `lzh_transfer_detail` (
  `borrow_id` int(10) unsigned NOT NULL,
  `borrow_breif` varchar(2000) NOT NULL,
  `borrow_capital` varchar(2000) NOT NULL,
  `borrow_use` varchar(2000) NOT NULL,
  `borrow_risk` varchar(2000) NOT NULL,
  `borrow_guarantee` varchar(50) NOT NULL,
  `borrow_img` varchar(2000) NOT NULL,
  PRIMARY KEY (`borrow_id`)
) ENGINE=MyISAM DEFAULT CHARSET=utf8;/* DBReback Separation */
 /* 插入数据 `lzh_transfer_detail` */
 INSERT INTO `lzh_transfer_detail` VALUES ('1','1000122112','','','','','N;');/* DBReback Separation */
 /* 插入数据 `lzh_transfer_detail` */
 INSERT INTO `lzh_transfer_detail` VALUES ('2','','','','','','N;');/* DBReback Separation */
 /* 插入数据 `lzh_transfer_detail` */
 INSERT INTO `lzh_transfer_detail` VALUES ('3','','','','','','N;');/* DBReback Separation */
 /* 插入数据 `lzh_transfer_detail` */
 INSERT INTO `lzh_transfer_detail` VALUES ('4','ceshi','','','','','N;');/* DBReback Separation */
 /* 插入数据 `lzh_transfer_detail` */
 INSERT INTO `lzh_transfer_detail` VALUES ('5','','','','','','N;');/* DBReback Separation */
 /* 插入数据 `lzh_transfer_detail` */
 INSERT INTO `lzh_transfer_detail` VALUES ('6','','','','','','N;');/* DBReback Separation */
 /* 插入数据 `lzh_transfer_detail` */
 INSERT INTO `lzh_transfer_detail` VALUES ('7','','','','','','N;');/* DBReback Separation */
 /* 插入数据 `lzh_transfer_detail` */
 INSERT INTO `lzh_transfer_detail` VALUES ('8','介绍啥','','','','','N;');/* DBReback Separation */
 /* 插入数据 `lzh_transfer_detail` */
 INSERT INTO `lzh_transfer_detail` VALUES ('9','','','','','','N;');/* DBReback Separation */
 /* 插入数据 `lzh_transfer_detail` */
 INSERT INTO `lzh_transfer_detail` VALUES ('10','','','','','','N;');/* DBReback Separation */
 /* 插入数据 `lzh_transfer_detail` */
 INSERT INTO `lzh_transfer_detail` VALUES ('11','111','','','','','N;');/* DBReback Separation */
 /* 插入数据 `lzh_transfer_detail` */
 INSERT INTO `lzh_transfer_detail` VALUES ('14','aaa','aaa','aaa','aaa','','a:1:{i:0;a:2:{s:3:\"img\";s:40:\"UF/Uploads/Product/20140614114649112.png\";s:4:\"info\";s:0:\"\";}}');/* DBReback Separation */
 /* 插入数据 `lzh_transfer_detail` */
 INSERT INTO `lzh_transfer_detail` VALUES ('16','','','','','','N;');/* DBReback Separation */
 /* 插入数据 `lzh_transfer_detail` */
 INSERT INTO `lzh_transfer_detail` VALUES ('27','0','','','','','N;');/* DBReback Separation */
 /* 插入数据 `lzh_transfer_detail` */
 INSERT INTO `lzh_transfer_detail` VALUES ('18','','','','','','N;');/* DBReback Separation */
 /* 插入数据 `lzh_transfer_detail` */
 INSERT INTO `lzh_transfer_detail` VALUES ('19','2131','','','','','N;');/* DBReback Separation */
 /* 插入数据 `lzh_transfer_detail` */
 INSERT INTO `lzh_transfer_detail` VALUES ('20','问题为区分','','','','','N;');/* DBReback Separation */
 /* 插入数据 `lzh_transfer_detail` */
 INSERT INTO `lzh_transfer_detail` VALUES ('21','ding tou bao','','','','','N;');/* DBReback Separation */
 /* 插入数据 `lzh_transfer_detail` */
 INSERT INTO `lzh_transfer_detail` VALUES ('22','ssxssdsdsdsdsds','','','','','N;');/* DBReback Separation */
 /* 插入数据 `lzh_transfer_detail` */
 INSERT INTO `lzh_transfer_detail` VALUES ('23','111','','','','','N;');/* DBReback Separation */
 /* 插入数据 `lzh_transfer_detail` */
 INSERT INTO `lzh_transfer_detail` VALUES ('24','','','','','','N;');/* DBReback Separation */
 /* 插入数据 `lzh_transfer_detail` */
 INSERT INTO `lzh_transfer_detail` VALUES ('25','','','','','','N;');/* DBReback Separation */
 /* 插入数据 `lzh_transfer_detail` */
 INSERT INTO `lzh_transfer_detail` VALUES ('26','111111111111111111111111111111111111111111111111111111111111111111111111111111111111111111111111111111111111111111111111111111111111111111111111111111111111111111111111111111111111111111111111111111111111111111111111111111111111111111111111111111111111111111111111111111111111111111111111111111111111111111111111111111111111111111111111111111111111111111111111111111111111111111111111111111111111111111111111111111111111111111111111111111111111111111111111111111111111111111111111111111111111111111111111111111111111111111111111111111111111111111111111111111111111111111111111111111111111111111111111111111111111111111111111111111111111111111111111111111111111111111111111111111111111111111111111111111111111111111111111111111111111111111111111111111111111111111111111111111111111111111111111111111111111111111111111111111111111111111111111111111111111111111111111111111111111111111111111111111111111111111111111111111111111111111111111111111111111111111111111111111111111111111111111111111111111111111111111111111111111111111111111111111111111111111111','','','','','N;');/* DBReback Separation */ 
 /* 数据表结构 `lzh_transfer_investor_detail`*/ 
 DROP TABLE IF EXISTS `lzh_transfer_investor_detail`;/* DBReback Separation */ 
 CREATE TABLE `lzh_transfer_investor_detail` (
  `id` int(10) unsigned NOT NULL AUTO_INCREMENT,
  `repayment_time` int(10) unsigned NOT NULL DEFAULT '0',
  `borrow_id` int(10) unsigned NOT NULL,
  `invest_id` int(10) unsigned NOT NULL,
  `investor_uid` int(10) unsigned NOT NULL,
  `borrow_uid` int(10) unsigned NOT NULL,
  `capital` decimal(15,2) NOT NULL,
  `interest` decimal(15,2) NOT NULL,
  `interest_fee` decimal(15,2) NOT NULL,
  `status` tinyint(3) unsigned NOT NULL,
  `receive_interest` decimal(15,2) NOT NULL,
  `receive_capital` decimal(15,2) NOT NULL,
  `sort_order` tinyint(3) unsigned NOT NULL,
  `total` tinyint(3) unsigned NOT NULL,
  `deadline` int(10) unsigned NOT NULL,
  `expired_money` decimal(15,2) NOT NULL,
  `expired_days` tinyint(3) unsigned NOT NULL DEFAULT '0',
  `call_fee` decimal(5,2) NOT NULL,
  `substitute_money` decimal(15,2) NOT NULL,
  `substitute_time` int(10) unsigned NOT NULL DEFAULT '0',
  PRIMARY KEY (`id`),
  KEY `invest_id` (`invest_id`,`status`,`deadline`) USING BTREE,
  KEY `borrow_id` (`borrow_id`,`sort_order`,`investor_uid`) USING BTREE
) ENGINE=MyISAM AUTO_INCREMENT=104 DEFAULT CHARSET=utf8;/* DBReback Separation */
 /* 插入数据 `lzh_transfer_investor_detail` */
 INSERT INTO `lzh_transfer_investor_detail` VALUES ('1','0','1','1','1','2','1000.00','8.33','0.83','7','0.00','0.00','1','1','1405307178','0.00','0','0.00','0.00','0');/* DBReback Separation */
 /* 插入数据 `lzh_transfer_investor_detail` */
 INSERT INTO `lzh_transfer_investor_detail` VALUES ('2','0','2','2','1','2','1000.00','83.33','8.33','7','0.00','0.00','1','1','1428635222','0.00','0','0.00','0.00','0');/* DBReback Separation */
 /* 插入数据 `lzh_transfer_investor_detail` */
 INSERT INTO `lzh_transfer_investor_detail` VALUES ('3','0','3','3','1','2','0.93','0.17','0.02','7','0.00','0.00','1','10','1405307514','0.00','0','0.00','0.00','0');/* DBReback Separation */
 /* 插入数据 `lzh_transfer_investor_detail` */
 INSERT INTO `lzh_transfer_investor_detail` VALUES ('4','0','3','3','1','2','0.94','0.15','0.02','7','0.00','0.00','2','10','1407899514','0.00','0','0.00','0.00','0');/* DBReback Separation */
 /* 插入数据 `lzh_transfer_investor_detail` */
 INSERT INTO `lzh_transfer_investor_detail` VALUES ('5','0','3','3','1','2','0.96','0.14','0.01','7','0.00','0.00','3','10','1410491514','0.00','0','0.00','0.00','0');/* DBReback Separation */
 /* 插入数据 `lzh_transfer_investor_detail` */
 INSERT INTO `lzh_transfer_investor_detail` VALUES ('6','0','3','3','1','2','0.97','0.12','0.01','7','0.00','0.00','4','10','1413083514','0.00','0','0.00','0.00','0');/* DBReback Separation */
 /* 插入数据 `lzh_transfer_investor_detail` */
 INSERT INTO `lzh_transfer_investor_detail` VALUES ('7','0','3','3','1','2','0.99','0.10','0.01','7','0.00','0.00','5','10','1415675514','0.00','0','0.00','0.00','0');/* DBReback Separation */
 /* 插入数据 `lzh_transfer_investor_detail` */
 INSERT INTO `lzh_transfer_investor_detail` VALUES ('8','0','3','3','1','2','1.01','0.09','0.01','7','0.00','0.00','6','10','1418267514','0.00','0','0.00','0.00','0');/* DBReback Separation */
 /* 插入数据 `lzh_transfer_investor_detail` */
 INSERT INTO `lzh_transfer_investor_detail` VALUES ('9','0','3','3','1','2','1.02','0.07','0.01','7','0.00','0.00','7','10','1420859514','0.00','0','0.00','0.00','0');/* DBReback Separation */
 /* 插入数据 `lzh_transfer_investor_detail` */
 INSERT INTO `lzh_transfer_investor_detail` VALUES ('10','0','3','3','1','2','1.04','0.05','0.01','7','0.00','0.00','8','10','1423451514','0.00','0','0.00','0.00','0');/* DBReback Separation */
 /* 插入数据 `lzh_transfer_investor_detail` */
 INSERT INTO `lzh_transfer_investor_detail` VALUES ('11','0','3','3','1','2','1.06','0.04','0.00','7','0.00','0.00','9','10','1426043514','0.00','0','0.00','0.00','0');/* DBReback Separation */
 /* 插入数据 `lzh_transfer_investor_detail` */
 INSERT INTO `lzh_transfer_investor_detail` VALUES ('12','0','3','3','1','2','1.08','0.02','0.00','7','0.00','0.00','10','10','1428635514','0.00','0','0.00','0.00','0');/* DBReback Separation */
 /* 插入数据 `lzh_transfer_investor_detail` */
 INSERT INTO `lzh_transfer_investor_detail` VALUES ('13','0','2','4','9','2','9000.00','750.00','75.00','7','0.00','0.00','1','1','1428636044','0.00','0','0.00','0.00','0');/* DBReback Separation */
 /* 插入数据 `lzh_transfer_investor_detail` */
 INSERT INTO `lzh_transfer_investor_detail` VALUES ('14','0','4','5','9','2','0.00','15.00','1.50','7','0.00','0.00','1','15','1405308140','0.00','0','0.00','0.00','0');/* DBReback Separation */
 /* 插入数据 `lzh_transfer_investor_detail` */
 INSERT INTO `lzh_transfer_investor_detail` VALUES ('15','0','4','5','9','2','0.00','15.00','1.50','7','0.00','0.00','2','15','1407900140','0.00','0','0.00','0.00','0');/* DBReback Separation */
 /* 插入数据 `lzh_transfer_investor_detail` */
 INSERT INTO `lzh_transfer_investor_detail` VALUES ('16','0','4','5','9','2','0.00','15.00','1.50','7','0.00','0.00','3','15','1410492140','0.00','0','0.00','0.00','0');/* DBReback Separation */
 /* 插入数据 `lzh_transfer_investor_detail` */
 INSERT INTO `lzh_transfer_investor_detail` VALUES ('17','0','4','5','9','2','0.00','15.00','1.50','7','0.00','0.00','4','15','1413084140','0.00','0','0.00','0.00','0');/* DBReback Separation */
 /* 插入数据 `lzh_transfer_investor_detail` */
 INSERT INTO `lzh_transfer_investor_detail` VALUES ('18','0','4','5','9','2','0.00','15.00','1.50','7','0.00','0.00','5','15','1415676140','0.00','0','0.00','0.00','0');/* DBReback Separation */
 /* 插入数据 `lzh_transfer_investor_detail` */
 INSERT INTO `lzh_transfer_investor_detail` VALUES ('19','0','4','5','9','2','0.00','15.00','1.50','7','0.00','0.00','6','15','1418268140','0.00','0','0.00','0.00','0');/* DBReback Separation */
 /* 插入数据 `lzh_transfer_investor_detail` */
 INSERT INTO `lzh_transfer_investor_detail` VALUES ('20','0','4','5','9','2','0.00','15.00','1.50','7','0.00','0.00','7','15','1420860140','0.00','0','0.00','0.00','0');/* DBReback Separation */
 /* 插入数据 `lzh_transfer_investor_detail` */
 INSERT INTO `lzh_transfer_investor_detail` VALUES ('21','0','4','5','9','2','0.00','15.00','1.50','7','0.00','0.00','8','15','1423452140','0.00','0','0.00','0.00','0');/* DBReback Separation */
 /* 插入数据 `lzh_transfer_investor_detail` */
 INSERT INTO `lzh_transfer_investor_detail` VALUES ('22','0','4','5','9','2','0.00','15.00','1.50','7','0.00','0.00','9','15','1426044140','0.00','0','0.00','0.00','0');/* DBReback Separation */
 /* 插入数据 `lzh_transfer_investor_detail` */
 INSERT INTO `lzh_transfer_investor_detail` VALUES ('23','0','4','5','9','2','0.00','15.00','1.50','7','0.00','0.00','10','15','1428636140','0.00','0','0.00','0.00','0');/* DBReback Separation */
 /* 插入数据 `lzh_transfer_investor_detail` */
 INSERT INTO `lzh_transfer_investor_detail` VALUES ('24','0','4','5','9','2','0.00','15.00','1.50','7','0.00','0.00','11','15','1431228140','0.00','0','0.00','0.00','0');/* DBReback Separation */
 /* 插入数据 `lzh_transfer_investor_detail` */
 INSERT INTO `lzh_transfer_investor_detail` VALUES ('25','0','4','5','9','2','0.00','15.00','1.50','7','0.00','0.00','12','15','1433820140','0.00','0','0.00','0.00','0');/* DBReback Separation */
 /* 插入数据 `lzh_transfer_investor_detail` */
 INSERT INTO `lzh_transfer_investor_detail` VALUES ('26','0','4','5','9','2','0.00','15.00','1.50','7','0.00','0.00','13','15','1436412140','0.00','0','0.00','0.00','0');/* DBReback Separation */
 /* 插入数据 `lzh_transfer_investor_detail` */
 INSERT INTO `lzh_transfer_investor_detail` VALUES ('27','0','4','5','9','2','0.00','15.00','1.50','7','0.00','0.00','14','15','1439004140','0.00','0','0.00','0.00','0');/* DBReback Separation */
 /* 插入数据 `lzh_transfer_investor_detail` */
 INSERT INTO `lzh_transfer_investor_detail` VALUES ('28','0','4','5','9','2','1000.00','15.00','1.50','7','0.00','0.00','15','15','1441596140','0.00','0','0.00','0.00','0');/* DBReback Separation */
 /* 插入数据 `lzh_transfer_investor_detail` */
 INSERT INTO `lzh_transfer_investor_detail` VALUES ('29','0','1','6','3','2','1000.00','8.33','0.83','7','0.00','0.00','1','1','1405308273','0.00','0','0.00','0.00','0');/* DBReback Separation */
 /* 插入数据 `lzh_transfer_investor_detail` */
 INSERT INTO `lzh_transfer_investor_detail` VALUES ('30','0','1','7','9','2','1000.00','8.33','0.83','7','0.00','0.00','1','1','1405308291','0.00','0','0.00','0.00','0');/* DBReback Separation */
 /* 插入数据 `lzh_transfer_investor_detail` */
 INSERT INTO `lzh_transfer_investor_detail` VALUES ('31','0','1','8','9','2','1000.00','8.33','0.83','7','0.00','0.00','1','1','1405308309','0.00','0','0.00','0.00','0');/* DBReback Separation */
 /* 插入数据 `lzh_transfer_investor_detail` */
 INSERT INTO `lzh_transfer_investor_detail` VALUES ('32','0','5','9','9','2','1000.00','10.00','1.00','7','0.00','0.00','1','1','1405308402','0.00','0','0.00','0.00','0');/* DBReback Separation */
 /* 插入数据 `lzh_transfer_investor_detail` */
 INSERT INTO `lzh_transfer_investor_detail` VALUES ('33','0','1','10','8','2','2000.00','16.67','1.67','7','0.00','0.00','1','1','1405308554','0.00','0','0.00','0.00','0');/* DBReback Separation */
 /* 插入数据 `lzh_transfer_investor_detail` */
 INSERT INTO `lzh_transfer_investor_detail` VALUES ('34','0','5','11','8','2','5000.00','50.00','5.00','7','0.00','0.00','1','1','1405308707','0.00','0','0.00','0.00','0');/* DBReback Separation */
 /* 插入数据 `lzh_transfer_investor_detail` */
 INSERT INTO `lzh_transfer_investor_detail` VALUES ('35','0','9','12','10','5','1000.00','8.33','0.83','7','0.00','0.00','1','1','1405308832','0.00','0','0.00','0.00','0');/* DBReback Separation */
 /* 插入数据 `lzh_transfer_investor_detail` */
 INSERT INTO `lzh_transfer_investor_detail` VALUES ('36','0','9','13','10','5','9000.00','75.00','7.50','7','0.00','0.00','1','1','1405308864','0.00','0','0.00','0.00','0');/* DBReback Separation */
 /* 插入数据 `lzh_transfer_investor_detail` */
 INSERT INTO `lzh_transfer_investor_detail` VALUES ('37','0','1','14','11','2','1000.00','8.33','0.83','7','0.00','0.00','1','1','1405309031','0.00','0','0.00','0.00','0');/* DBReback Separation */
 /* 插入数据 `lzh_transfer_investor_detail` */
 INSERT INTO `lzh_transfer_investor_detail` VALUES ('38','0','7','15','11','6','1000.00','220.00','22.00','7','0.00','0.00','1','1','1459741089','0.00','0','0.00','0.00','0');/* DBReback Separation */
 /* 插入数据 `lzh_transfer_investor_detail` */
 INSERT INTO `lzh_transfer_investor_detail` VALUES ('39','0','6','16','6','3','1000000.00','130000.00','13000.00','7','0.00','0.00','1','1','1433821659','0.00','0','0.00','0.00','0');/* DBReback Separation */
 /* 插入数据 `lzh_transfer_investor_detail` */
 INSERT INTO `lzh_transfer_investor_detail` VALUES ('40','0','1','17','1','2','1000.00','8.33','0.83','7','0.00','0.00','1','1','1405310063','0.00','0','0.00','0.00','0');/* DBReback Separation */
 /* 插入数据 `lzh_transfer_investor_detail` */
 INSERT INTO `lzh_transfer_investor_detail` VALUES ('41','0','14','18','6','5','10000.00','125.00','12.50','7','0.00','0.00','1','1','1405316101','0.00','0','0.00','0.00','0');/* DBReback Separation */
 /* 插入数据 `lzh_transfer_investor_detail` */
 INSERT INTO `lzh_transfer_investor_detail` VALUES ('42','0','1','19','11','2','1000.00','8.33','0.83','7','0.00','0.00','1','1','1405316229','0.00','0','0.00','0.00','0');/* DBReback Separation */
 /* 插入数据 `lzh_transfer_investor_detail` */
 INSERT INTO `lzh_transfer_investor_detail` VALUES ('43','0','14','20','9','5','10000.00','125.00','12.50','7','0.00','0.00','1','1','1405316309','0.00','0','0.00','0.00','0');/* DBReback Separation */
 /* 插入数据 `lzh_transfer_investor_detail` */
 INSERT INTO `lzh_transfer_investor_detail` VALUES ('44','0','10','21','2','4','1639.20','83.33','8.33','7','0.00','0.00','1','3','1405318822','0.00','0','0.00','0.00','0');/* DBReback Separation */
 /* 插入数据 `lzh_transfer_investor_detail` */
 INSERT INTO `lzh_transfer_investor_detail` VALUES ('45','0','10','21','2','4','1666.51','56.01','5.60','7','0.00','0.00','2','3','1407910822','0.00','0','0.00','0.00','0');/* DBReback Separation */
 /* 插入数据 `lzh_transfer_investor_detail` */
 INSERT INTO `lzh_transfer_investor_detail` VALUES ('46','0','10','21','2','4','1694.29','28.24','2.82','7','0.00','0.00','3','3','1410502822','0.00','0','0.00','0.00','0');/* DBReback Separation */
 /* 插入数据 `lzh_transfer_investor_detail` */
 INSERT INTO `lzh_transfer_investor_detail` VALUES ('47','0','13','22','2','0','0.00','1.00','0.10','7','0.00','0.00','1','3','1405318846','0.00','0','0.00','0.00','0');/* DBReback Separation */
 /* 插入数据 `lzh_transfer_investor_detail` */
 INSERT INTO `lzh_transfer_investor_detail` VALUES ('48','0','13','22','2','0','0.00','1.00','0.10','7','0.00','0.00','2','3','1407910846','0.00','0','0.00','0.00','0');/* DBReback Separation */
 /* 插入数据 `lzh_transfer_investor_detail` */
 INSERT INTO `lzh_transfer_investor_detail` VALUES ('49','0','13','22','2','0','100.00','1.00','0.10','7','0.00','0.00','3','3','1410502846','0.00','0','0.00','0.00','0');/* DBReback Separation */
 /* 插入数据 `lzh_transfer_investor_detail` */
 INSERT INTO `lzh_transfer_investor_detail` VALUES ('50','0','13','23','2','0','0.00','99.00','9.90','7','0.00','0.00','1','3','1405319943','0.00','0','0.00','0.00','0');/* DBReback Separation */
 /* 插入数据 `lzh_transfer_investor_detail` */
 INSERT INTO `lzh_transfer_investor_detail` VALUES ('51','0','13','23','2','0','0.00','99.00','9.90','7','0.00','0.00','2','3','1407911943','0.00','0','0.00','0.00','0');/* DBReback Separation */
 /* 插入数据 `lzh_transfer_investor_detail` */
 INSERT INTO `lzh_transfer_investor_detail` VALUES ('52','0','13','23','2','0','9900.00','99.00','9.90','7','0.00','0.00','3','3','1410503943','0.00','0','0.00','0.00','0');/* DBReback Separation */
 /* 插入数据 `lzh_transfer_investor_detail` */
 INSERT INTO `lzh_transfer_investor_detail` VALUES ('53','0','5','24','8','2','4000.00','40.00','4.00','7','0.00','0.00','1','1','1405320897','0.00','0','0.00','0.00','0');/* DBReback Separation */
 /* 插入数据 `lzh_transfer_investor_detail` */
 INSERT INTO `lzh_transfer_investor_detail` VALUES ('54','0','14','25','8','5','100000.00','1250.00','125.00','7','0.00','0.00','1','1','1405321238','0.00','0','0.00','0.00','0');/* DBReback Separation */
 /* 插入数据 `lzh_transfer_investor_detail` */
 INSERT INTO `lzh_transfer_investor_detail` VALUES ('55','0','1','26','8','2','1000.00','8.33','0.83','7','0.00','0.00','1','1','1405323178','0.00','0','0.00','0.00','0');/* DBReback Separation */
 /* 插入数据 `lzh_transfer_investor_detail` */
 INSERT INTO `lzh_transfer_investor_detail` VALUES ('56','0','12','27','21','4','0.00','833.33','83.33','7','0.00','0.00','1','3','1407405825','0.00','0','0.00','0.00','0');/* DBReback Separation */
 /* 插入数据 `lzh_transfer_investor_detail` */
 INSERT INTO `lzh_transfer_investor_detail` VALUES ('57','0','12','27','21','4','0.00','833.33','83.33','7','0.00','0.00','2','3','1409997825','0.00','0','0.00','0.00','0');/* DBReback Separation */
 /* 插入数据 `lzh_transfer_investor_detail` */
 INSERT INTO `lzh_transfer_investor_detail` VALUES ('58','0','12','27','21','4','50000.00','833.33','83.33','7','0.00','0.00','3','3','1412589825','0.00','0','0.00','0.00','0');/* DBReback Separation */
 /* 插入数据 `lzh_transfer_investor_detail` */
 INSERT INTO `lzh_transfer_investor_detail` VALUES ('59','0','11','28','32','6','0.00','10000.00','1000.00','7','0.00','0.00','1','6','1407250385','0.00','0','0.00','0.00','0');/* DBReback Separation */
 /* 插入数据 `lzh_transfer_investor_detail` */
 INSERT INTO `lzh_transfer_investor_detail` VALUES ('60','0','11','28','32','6','0.00','10000.00','1000.00','7','0.00','0.00','2','6','1409842385','0.00','0','0.00','0.00','0');/* DBReback Separation */
 /* 插入数据 `lzh_transfer_investor_detail` */
 INSERT INTO `lzh_transfer_investor_detail` VALUES ('61','0','11','28','32','6','0.00','10000.00','1000.00','7','0.00','0.00','3','6','1412434385','0.00','0','0.00','0.00','0');/* DBReback Separation */
 /* 插入数据 `lzh_transfer_investor_detail` */
 INSERT INTO `lzh_transfer_investor_detail` VALUES ('62','0','11','28','32','6','0.00','10000.00','1000.00','7','0.00','0.00','4','6','1415026385','0.00','0','0.00','0.00','0');/* DBReback Separation */
 /* 插入数据 `lzh_transfer_investor_detail` */
 INSERT INTO `lzh_transfer_investor_detail` VALUES ('63','0','11','28','32','6','0.00','10000.00','1000.00','7','0.00','0.00','5','6','1417618385','0.00','0','0.00','0.00','0');/* DBReback Separation */
 /* 插入数据 `lzh_transfer_investor_detail` */
 INSERT INTO `lzh_transfer_investor_detail` VALUES ('64','0','11','28','32','6','1000000.00','10000.00','1000.00','7','0.00','0.00','6','6','1420210385','0.00','0','0.00','0.00','0');/* DBReback Separation */
 /* 插入数据 `lzh_transfer_investor_detail` */
 INSERT INTO `lzh_transfer_investor_detail` VALUES ('65','0','15','29','13','10','0.00','113333.33','11333.33','7','0.00','0.00','1','6','1407398263','0.00','0','0.00','0.00','0');/* DBReback Separation */
 /* 插入数据 `lzh_transfer_investor_detail` */
 INSERT INTO `lzh_transfer_investor_detail` VALUES ('66','0','15','29','13','10','0.00','113333.33','11333.33','7','0.00','0.00','2','6','1409990263','0.00','0','0.00','0.00','0');/* DBReback Separation */
 /* 插入数据 `lzh_transfer_investor_detail` */
 INSERT INTO `lzh_transfer_investor_detail` VALUES ('67','0','15','29','13','10','0.00','113333.33','11333.33','7','0.00','0.00','3','6','1412582263','0.00','0','0.00','0.00','0');/* DBReback Separation */
 /* 插入数据 `lzh_transfer_investor_detail` */
 INSERT INTO `lzh_transfer_investor_detail` VALUES ('68','0','15','29','13','10','0.00','113333.33','11333.33','7','0.00','0.00','4','6','1415174263','0.00','0','0.00','0.00','0');/* DBReback Separation */
 /* 插入数据 `lzh_transfer_investor_detail` */
 INSERT INTO `lzh_transfer_investor_detail` VALUES ('69','0','15','29','13','10','0.00','113333.33','11333.33','7','0.00','0.00','5','6','1417766263','0.00','0','0.00','0.00','0');/* DBReback Separation */
 /* 插入数据 `lzh_transfer_investor_detail` */
 INSERT INTO `lzh_transfer_investor_detail` VALUES ('70','0','15','29','13','10','2000000.00','113333.33','11333.33','7','0.00','0.00','6','6','1420358263','0.00','0','0.00','0.00','0');/* DBReback Separation */
 /* 插入数据 `lzh_transfer_investor_detail` */
 INSERT INTO `lzh_transfer_investor_detail` VALUES ('71','0','8','30','41','3','0.00','10833.33','1083.33','7','0.00','0.00','1','24','1408002076','0.00','0','0.00','0.00','0');/* DBReback Separation */
 /* 插入数据 `lzh_transfer_investor_detail` */
 INSERT INTO `lzh_transfer_investor_detail` VALUES ('72','0','8','30','41','3','0.00','10833.33','1083.33','7','0.00','0.00','2','24','1410594076','0.00','0','0.00','0.00','0');/* DBReback Separation */
 /* 插入数据 `lzh_transfer_investor_detail` */
 INSERT INTO `lzh_transfer_investor_detail` VALUES ('73','0','8','30','41','3','0.00','10833.33','1083.33','7','0.00','0.00','3','24','1413186076','0.00','0','0.00','0.00','0');/* DBReback Separation */
 /* 插入数据 `lzh_transfer_investor_detail` */
 INSERT INTO `lzh_transfer_investor_detail` VALUES ('74','0','8','30','41','3','0.00','10833.33','1083.33','7','0.00','0.00','4','24','1415778076','0.00','0','0.00','0.00','0');/* DBReback Separation */
 /* 插入数据 `lzh_transfer_investor_detail` */
 INSERT INTO `lzh_transfer_investor_detail` VALUES ('75','0','8','30','41','3','0.00','10833.33','1083.33','7','0.00','0.00','5','24','1418370076','0.00','0','0.00','0.00','0');/* DBReback Separation */
 /* 插入数据 `lzh_transfer_investor_detail` */
 INSERT INTO `lzh_transfer_investor_detail` VALUES ('76','0','8','30','41','3','0.00','10833.33','1083.33','7','0.00','0.00','6','24','1420962076','0.00','0','0.00','0.00','0');/* DBReback Separation */
 /* 插入数据 `lzh_transfer_investor_detail` */
 INSERT INTO `lzh_transfer_investor_detail` VALUES ('77','0','8','30','41','3','0.00','10833.33','1083.33','7','0.00','0.00','7','24','1423554076','0.00','0','0.00','0.00','0');/* DBReback Separation */
 /* 插入数据 `lzh_transfer_investor_detail` */
 INSERT INTO `lzh_transfer_investor_detail` VALUES ('78','0','8','30','41','3','0.00','10833.33','1083.33','7','0.00','0.00','8','24','1426146076','0.00','0','0.00','0.00','0');/* DBReback Separation */
 /* 插入数据 `lzh_transfer_investor_detail` */
 INSERT INTO `lzh_transfer_investor_detail` VALUES ('79','0','8','30','41','3','0.00','10833.33','1083.33','7','0.00','0.00','9','24','1428738076','0.00','0','0.00','0.00','0');/* DBReback Separation */
 /* 插入数据 `lzh_transfer_investor_detail` */
 INSERT INTO `lzh_transfer_investor_detail` VALUES ('80','0','8','30','41','3','0.00','10833.33','1083.33','7','0.00','0.00','10','24','1431330076','0.00','0','0.00','0.00','0');/* DBReback Separation */
 /* 插入数据 `lzh_transfer_investor_detail` */
 INSERT INTO `lzh_transfer_investor_detail` VALUES ('81','0','8','30','41','3','0.00','10833.33','1083.33','7','0.00','0.00','11','24','1433922076','0.00','0','0.00','0.00','0');/* DBReback Separation */
 /* 插入数据 `lzh_transfer_investor_detail` */
 INSERT INTO `lzh_transfer_investor_detail` VALUES ('82','0','8','30','41','3','0.00','10833.33','1083.33','7','0.00','0.00','12','24','1436514076','0.00','0','0.00','0.00','0');/* DBReback Separation */
 /* 插入数据 `lzh_transfer_investor_detail` */
 INSERT INTO `lzh_transfer_investor_detail` VALUES ('83','0','8','30','41','3','0.00','10833.33','1083.33','7','0.00','0.00','13','24','1439106076','0.00','0','0.00','0.00','0');/* DBReback Separation */
 /* 插入数据 `lzh_transfer_investor_detail` */
 INSERT INTO `lzh_transfer_investor_detail` VALUES ('84','0','8','30','41','3','0.00','10833.33','1083.33','7','0.00','0.00','14','24','1441698076','0.00','0','0.00','0.00','0');/* DBReback Separation */
 /* 插入数据 `lzh_transfer_investor_detail` */
 INSERT INTO `lzh_transfer_investor_detail` VALUES ('85','0','8','30','41','3','0.00','10833.33','1083.33','7','0.00','0.00','15','24','1444290076','0.00','0','0.00','0.00','0');/* DBReback Separation */
 /* 插入数据 `lzh_transfer_investor_detail` */
 INSERT INTO `lzh_transfer_investor_detail` VALUES ('86','0','8','30','41','3','0.00','10833.33','1083.33','7','0.00','0.00','16','24','1446882076','0.00','0','0.00','0.00','0');/* DBReback Separation */
 /* 插入数据 `lzh_transfer_investor_detail` */
 INSERT INTO `lzh_transfer_investor_detail` VALUES ('87','0','8','30','41','3','0.00','10833.33','1083.33','7','0.00','0.00','17','24','1449474076','0.00','0','0.00','0.00','0');/* DBReback Separation */
 /* 插入数据 `lzh_transfer_investor_detail` */
 INSERT INTO `lzh_transfer_investor_detail` VALUES ('88','0','8','30','41','3','0.00','10833.33','1083.33','7','0.00','0.00','18','24','1452066076','0.00','0','0.00','0.00','0');/* DBReback Separation */
 /* 插入数据 `lzh_transfer_investor_detail` */
 INSERT INTO `lzh_transfer_investor_detail` VALUES ('89','0','8','30','41','3','0.00','10833.33','1083.33','7','0.00','0.00','19','24','1454658076','0.00','0','0.00','0.00','0');/* DBReback Separation */
 /* 插入数据 `lzh_transfer_investor_detail` */
 INSERT INTO `lzh_transfer_investor_detail` VALUES ('90','0','8','30','41','3','0.00','10833.33','1083.33','7','0.00','0.00','20','24','1457250076','0.00','0','0.00','0.00','0');/* DBReback Separation */
 /* 插入数据 `lzh_transfer_investor_detail` */
 INSERT INTO `lzh_transfer_investor_detail` VALUES ('91','0','8','30','41','3','0.00','10833.33','1083.33','7','0.00','0.00','21','24','1459842076','0.00','0','0.00','0.00','0');/* DBReback Separation */
 /* 插入数据 `lzh_transfer_investor_detail` */
 INSERT INTO `lzh_transfer_investor_detail` VALUES ('92','0','8','30','41','3','0.00','10833.33','1083.33','7','0.00','0.00','22','24','1462434076','0.00','0','0.00','0.00','0');/* DBReback Separation */
 /* 插入数据 `lzh_transfer_investor_detail` */
 INSERT INTO `lzh_transfer_investor_detail` VALUES ('93','0','8','30','41','3','0.00','10833.33','1083.33','7','0.00','0.00','23','24','1465026076','0.00','0','0.00','0.00','0');/* DBReback Separation */
 /* 插入数据 `lzh_transfer_investor_detail` */
 INSERT INTO `lzh_transfer_investor_detail` VALUES ('94','0','8','30','41','3','1000000.00','10833.33','1083.33','7','0.00','0.00','24','24','1467618076','0.00','0','0.00','0.00','0');/* DBReback Separation */
 /* 插入数据 `lzh_transfer_investor_detail` */
 INSERT INTO `lzh_transfer_investor_detail` VALUES ('95','0','21','31','55','3','20000.00','3215.09','321.51','7','0.00','0.00','1','1','1438404271','0.00','0','0.00','0.00','0');/* DBReback Separation */
 /* 插入数据 `lzh_transfer_investor_detail` */
 INSERT INTO `lzh_transfer_investor_detail` VALUES ('96','0','18','32','64','3','100000.00','833.33','83.33','7','0.00','0.00','1','1','1409903526','0.00','0','0.00','0.00','0');/* DBReback Separation */
 /* 插入数据 `lzh_transfer_investor_detail` */
 INSERT INTO `lzh_transfer_investor_detail` VALUES ('97','0','23','33','13','2','1000.00','15.00','1.50','7','0.00','0.00','1','1','1410511697','0.00','0','0.00','0.00','0');/* DBReback Separation */
 /* 插入数据 `lzh_transfer_investor_detail` */
 INSERT INTO `lzh_transfer_investor_detail` VALUES ('98','0','18','34','76','3','100000.00','833.33','83.33','7','0.00','0.00','1','1','1411658262','0.00','0','0.00','0.00','0');/* DBReback Separation */
 /* 插入数据 `lzh_transfer_investor_detail` */
 INSERT INTO `lzh_transfer_investor_detail` VALUES ('99','0','18','35','79','3','300000.00','2500.00','250.00','7','0.00','0.00','1','1','1411702495','0.00','0','0.00','0.00','0');/* DBReback Separation */
 /* 插入数据 `lzh_transfer_investor_detail` */
 INSERT INTO `lzh_transfer_investor_detail` VALUES ('100','0','18','36','84','3','1000000.00','8333.33','833.33','7','0.00','0.00','1','1','1411981751','0.00','0','0.00','0.00','0');/* DBReback Separation */
 /* 插入数据 `lzh_transfer_investor_detail` */
 INSERT INTO `lzh_transfer_investor_detail` VALUES ('101','0','18','37','104','3','6000000.00','50000.00','5000.00','7','0.00','0.00','1','1','1412934008','0.00','0','0.00','0.00','0');/* DBReback Separation */
 /* 插入数据 `lzh_transfer_investor_detail` */
 INSERT INTO `lzh_transfer_investor_detail` VALUES ('102','0','27','38','105','104','50000.00','833.33','83.33','7','0.00','0.00','1','1','1412935631','0.00','0','0.00','0.00','0');/* DBReback Separation */
 /* 插入数据 `lzh_transfer_investor_detail` */
 INSERT INTO `lzh_transfer_investor_detail` VALUES ('103','0','18','39','19','3','500000.00','4166.67','416.67','7','0.00','0.00','1','1','1413015700','0.00','0','0.00','0.00','0');/* DBReback Separation */ 
 /* 数据表结构 `lzh_verify`*/ 
 DROP TABLE IF EXISTS `lzh_verify`;/* DBReback Separation */ 
 CREATE TABLE `lzh_verify` (
  `id` int(11) NOT NULL AUTO_INCREMENT,
  `code` varchar(32) NOT NULL,
  `send_time` int(10) NOT NULL,
  `ukey` int(10) unsigned NOT NULL,
  `type` tinyint(3) unsigned NOT NULL COMMENT '1:邮件激活验证',
  PRIMARY KEY (`id`),
  KEY `code` (`ukey`,`type`,`send_time`,`code`)
) ENGINE=MyISAM AUTO_INCREMENT=138 DEFAULT CHARSET=utf8;/* DBReback Separation */
 /* 插入数据 `lzh_verify` */
 INSERT INTO `lzh_verify` VALUES ('1','SqcwwnnjweZuxXPTFZNBBLKNoYYEOhxb','1402713754','4','1');/* DBReback Separation */
 /* 插入数据 `lzh_verify` */
 INSERT INTO `lzh_verify` VALUES ('2','ATwoqBeLamSlwdoYNHfuuxFLVjlwEBrt','1402713809','5','1');/* DBReback Separation */
 /* 插入数据 `lzh_verify` */
 INSERT INTO `lzh_verify` VALUES ('3','iCdwluYZPTqRcVSauDTmWdILfBxEQcqk','1402713829','6','1');/* DBReback Separation */
 /* 插入数据 `lzh_verify` */
 INSERT INTO `lzh_verify` VALUES ('4','OJHVxVkRyIozZgmkfvxcHpTIwQQEMUOZ','1402713957','1','1');/* DBReback Separation */
 /* 插入数据 `lzh_verify` */
 INSERT INTO `lzh_verify` VALUES ('5','EuwxFzEkQyfEgGJZTXKoZPqdzXBdkKEZ','1402714084','6','1');/* DBReback Separation */
 /* 插入数据 `lzh_verify` */
 INSERT INTO `lzh_verify` VALUES ('6','uYeOcZcorlntLiMOKVPWjRzzdyvgtauw','1402714099','6','1');/* DBReback Separation */
 /* 插入数据 `lzh_verify` */
 INSERT INTO `lzh_verify` VALUES ('7','xIdyfhQHDVKLUsTJVJmonyIEvvRJshVk','1402714139','6','1');/* DBReback Separation */
 /* 插入数据 `lzh_verify` */
 INSERT INTO `lzh_verify` VALUES ('8','270559','1402714212','5','2');/* DBReback Separation */
 /* 插入数据 `lzh_verify` */
 INSERT INTO `lzh_verify` VALUES ('9','HtGXhZIpervbihVaSQOZjHnyWEDcNaZk','1402715018','7','1');/* DBReback Separation */
 /* 插入数据 `lzh_verify` */
 INSERT INTO `lzh_verify` VALUES ('10','438308','1402715560','4','2');/* DBReback Separation */
 /* 插入数据 `lzh_verify` */
 INSERT INTO `lzh_verify` VALUES ('11','924073','1402715561','4','2');/* DBReback Separation */
 /* 插入数据 `lzh_verify` */
 INSERT INTO `lzh_verify` VALUES ('12','VYXNImTsVywGOVXDJrIQxCKqpCjFiTro','1402715575','9','1');/* DBReback Separation */
 /* 插入数据 `lzh_verify` */
 INSERT INTO `lzh_verify` VALUES ('13','NIawEAkaADPDAChsFVYSXOdRXZFlIwRN','1403706036','18','1');/* DBReback Separation */
 /* 插入数据 `lzh_verify` */
 INSERT INTO `lzh_verify` VALUES ('14','352869','1403749639','13','2');/* DBReback Separation */
 /* 插入数据 `lzh_verify` */
 INSERT INTO `lzh_verify` VALUES ('15','051190','1403750518','13','4');/* DBReback Separation */
 /* 插入数据 `lzh_verify` */
 INSERT INTO `lzh_verify` VALUES ('16','892355','1403775063','15','2');/* DBReback Separation */
 /* 插入数据 `lzh_verify` */
 INSERT INTO `lzh_verify` VALUES ('17','6171369801','1403775397','15','6');/* DBReback Separation */
 /* 插入数据 `lzh_verify` */
 INSERT INTO `lzh_verify` VALUES ('18','SDRfaYZHyRIweiTFBHZrWiEAPIAklsdG','1404180115','20','1');/* DBReback Separation */
 /* 插入数据 `lzh_verify` */
 INSERT INTO `lzh_verify` VALUES ('19','176032','1404199351','13','4');/* DBReback Separation */
 /* 插入数据 `lzh_verify` */
 INSERT INTO `lzh_verify` VALUES ('20','DkmAaCjPiARKlDmbzjTKqCoLXVIZAnvI','1405581712','23','1');/* DBReback Separation */
 /* 插入数据 `lzh_verify` */
 INSERT INTO `lzh_verify` VALUES ('21','SATxHQKRqWsoQJaPOODdLBBNzWpUQYhf','1404569898','30','1');/* DBReback Separation */
 /* 插入数据 `lzh_verify` */
 INSERT INTO `lzh_verify` VALUES ('22','uzaBIVRRDDMWprJlQrnuhXdYRIiIOtUK','1404657661','32','1');/* DBReback Separation */
 /* 插入数据 `lzh_verify` */
 INSERT INTO `lzh_verify` VALUES ('23','817026','1404657887','32','2');/* DBReback Separation */
 /* 插入数据 `lzh_verify` */
 INSERT INTO `lzh_verify` VALUES ('24','ykWdVERieVeqBFblNgUgIstsHIvMJQwt','1405386255','40','1');/* DBReback Separation */
 /* 插入数据 `lzh_verify` */
 INSERT INTO `lzh_verify` VALUES ('25','364418','1405409773','41','2');/* DBReback Separation */
 /* 插入数据 `lzh_verify` */
 INSERT INTO `lzh_verify` VALUES ('26','WTTRDgiSmwyvmYszYLNTfxjmotjiaZoJ','1405942143','46','1');/* DBReback Separation */
 /* 插入数据 `lzh_verify` */
 INSERT INTO `lzh_verify` VALUES ('27','ASRugCUkpuTiYWBXATtEmGrUomMadfIk','1405987354','46','7');/* DBReback Separation */
 /* 插入数据 `lzh_verify` */
 INSERT INTO `lzh_verify` VALUES ('28','hXdAAvARrEgmTTbpiWqlOZDCkhJabsoj','1406339082','49','1');/* DBReback Separation */
 /* 插入数据 `lzh_verify` */
 INSERT INTO `lzh_verify` VALUES ('29','MzVndkFmbISpcJyKHzgQGpRrbyMhfXCg','1406339173','49','1');/* DBReback Separation */
 /* 插入数据 `lzh_verify` */
 INSERT INTO `lzh_verify` VALUES ('30','EVwvQGyakhpAPZslOtqyukuhLuLJiPfZ','1406339175','49','1');/* DBReback Separation */
 /* 插入数据 `lzh_verify` */
 INSERT INTO `lzh_verify` VALUES ('31','abVMrqBmNJoMjcyUPfopHgCyyfmDPbkY','1406339200','49','1');/* DBReback Separation */
 /* 插入数据 `lzh_verify` */
 INSERT INTO `lzh_verify` VALUES ('32','MEDdMPmcLrzUAdBYdgiSjoWKSrJZMSXF','1406339565','49','1');/* DBReback Separation */
 /* 插入数据 `lzh_verify` */
 INSERT INTO `lzh_verify` VALUES ('33','FJgwuvaJaJWhcryhuacuwEWkbLlHUbmG','1406339585','49','1');/* DBReback Separation */
 /* 插入数据 `lzh_verify` */
 INSERT INTO `lzh_verify` VALUES ('34','UoDtfwVuimnbVkOJSJdXIHNwpKTNYbFM','1406339867','50','1');/* DBReback Separation */
 /* 插入数据 `lzh_verify` */
 INSERT INTO `lzh_verify` VALUES ('35','AwGFBLLNHPQjxpVyaGSGmoFGhRfJChEI','1406340277','51','1');/* DBReback Separation */
 /* 插入数据 `lzh_verify` */
 INSERT INTO `lzh_verify` VALUES ('36','eeMPduHjDCIQtcyCYZdFnpDBlqkFvaKh','1406340285','51','1');/* DBReback Separation */
 /* 插入数据 `lzh_verify` */
 INSERT INTO `lzh_verify` VALUES ('37','875130','1406340364','51','2');/* DBReback Separation */
 /* 插入数据 `lzh_verify` */
 INSERT INTO `lzh_verify` VALUES ('38','hjFuuWMCILDMDkvsPbwXCddYUypefRng','1406340402','51','1');/* DBReback Separation */
 /* 插入数据 `lzh_verify` */
 INSERT INTO `lzh_verify` VALUES ('39','RvpXAuxPUGwhiXUffnRcAqMmyebTToyu','1406340403','51','1');/* DBReback Separation */
 /* 插入数据 `lzh_verify` */
 INSERT INTO `lzh_verify` VALUES ('40','YIMWWyWnEbtiDPuJWIsBHxbZPmRkwxGV','1406340404','51','1');/* DBReback Separation */
 /* 插入数据 `lzh_verify` */
 INSERT INTO `lzh_verify` VALUES ('41','XnbAVEURZoLONcetNgmeYhqKfSZzHECn','1406340405','51','1');/* DBReback Separation */
 /* 插入数据 `lzh_verify` */
 INSERT INTO `lzh_verify` VALUES ('42','zijdIiAdrgcaYNSOhPJeycEwOuJmUJME','1406340492','51','1');/* DBReback Separation */
 /* 插入数据 `lzh_verify` */
 INSERT INTO `lzh_verify` VALUES ('43','IhPKDpKgTJapjAtLibemBzOCewlNsYdy','1406340494','51','1');/* DBReback Separation */
 /* 插入数据 `lzh_verify` */
 INSERT INTO `lzh_verify` VALUES ('44','NghyIpetTxfOOaFGUyyRqeWWsdAkBZFG','1406341284','51','1');/* DBReback Separation */
 /* 插入数据 `lzh_verify` */
 INSERT INTO `lzh_verify` VALUES ('45','vqDSBCHXtjqmwfveuTlReJWXKWkqwOTZ','1406341285','51','1');/* DBReback Separation */
 /* 插入数据 `lzh_verify` */
 INSERT INTO `lzh_verify` VALUES ('46','pSTpBLsFJCWuAFSASvrfWzQuDjGTrysE','1406341287','51','1');/* DBReback Separation */
 /* 插入数据 `lzh_verify` */
 INSERT INTO `lzh_verify` VALUES ('47','KEnXXYBXXZmBMlmWsxNATPNSzvYYboYw','1406446938','53','1');/* DBReback Separation */
 /* 插入数据 `lzh_verify` */
 INSERT INTO `lzh_verify` VALUES ('48','RfBauHjimYVNeigyDQbwbaqsInyUEwNu','1406778292','56','1');/* DBReback Separation */
 /* 插入数据 `lzh_verify` */
 INSERT INTO `lzh_verify` VALUES ('49','mqdGNJDUIhrVaRHBtAUudPVjpCyRmTFX','1406845511','57','1');/* DBReback Separation */
 /* 插入数据 `lzh_verify` */
 INSERT INTO `lzh_verify` VALUES ('50','zvOvltEWBjzaDMEgnOSLCgCRcwzHPeQR','1406947582','59','1');/* DBReback Separation */
 /* 插入数据 `lzh_verify` */
 INSERT INTO `lzh_verify` VALUES ('51','fpPHhUKkqYURJpiDgnPswlSHzuvxcGMT','1406972015','60','1');/* DBReback Separation */
 /* 插入数据 `lzh_verify` */
 INSERT INTO `lzh_verify` VALUES ('52','FnKtlpcfGYmiXTzefufsxqrLbtBZvQVv','1407123330','62','1');/* DBReback Separation */
 /* 插入数据 `lzh_verify` */
 INSERT INTO `lzh_verify` VALUES ('53','uqQpGpqoKuwJZfPxWxWKLlNzeyYEWxML','1407125839','63','1');/* DBReback Separation */
 /* 插入数据 `lzh_verify` */
 INSERT INTO `lzh_verify` VALUES ('54','RbIzGeYddEtYQvbPkdTnMlmXRlptdClf','1407290288','68','1');/* DBReback Separation */
 /* 插入数据 `lzh_verify` */
 INSERT INTO `lzh_verify` VALUES ('55','OPnloKVcffDPFjKBGMxABXWqydIXsqYC','1407297706','55','7');/* DBReback Separation */
 /* 插入数据 `lzh_verify` */
 INSERT INTO `lzh_verify` VALUES ('56','trHkSyKRieulbYJMfiooOTQIqEZQyWgL','1408088452','71','1');/* DBReback Separation */
 /* 插入数据 `lzh_verify` */
 INSERT INTO `lzh_verify` VALUES ('57','gDBlICnAHTYtXAbgaVxHvuwgFeJtrwDR','1408688693','15','1');/* DBReback Separation */
 /* 插入数据 `lzh_verify` */
 INSERT INTO `lzh_verify` VALUES ('58','kKaoFEWVlEdoMBRzDcsufFNqcBLwwNuY','1408693131','74','1');/* DBReback Separation */
 /* 插入数据 `lzh_verify` */
 INSERT INTO `lzh_verify` VALUES ('59','310810','1408693249','74','2');/* DBReback Separation */
 /* 插入数据 `lzh_verify` */
 INSERT INTO `lzh_verify` VALUES ('60','vRBDmEcgVfneabmVskUHWhPuZIAPFCyo','1409077066','77','1');/* DBReback Separation */
 /* 插入数据 `lzh_verify` */
 INSERT INTO `lzh_verify` VALUES ('61','SijGZzIQBWdKYVhUGSjeAwkzupMcAQWv','1409096976','78','1');/* DBReback Separation */
 /* 插入数据 `lzh_verify` */
 INSERT INTO `lzh_verify` VALUES ('62','640936','1409107997','79','2');/* DBReback Separation */
 /* 插入数据 `lzh_verify` */
 INSERT INTO `lzh_verify` VALUES ('63','GUmJdnIcaOLWQYmkiTAsDYaDCcTLEZjN','1409388550','84','1');/* DBReback Separation */
 /* 插入数据 `lzh_verify` */
 INSERT INTO `lzh_verify` VALUES ('64','yknzIcXdFZGMQgwXxOMfLKDHRhTrmmoc','1409717755','91','1');/* DBReback Separation */
 /* 插入数据 `lzh_verify` */
 INSERT INTO `lzh_verify` VALUES ('65','HVIQDAulKHtiigWYccjnwbpgUFRyQkzK','1409814373','93','1');/* DBReback Separation */
 /* 插入数据 `lzh_verify` */
 INSERT INTO `lzh_verify` VALUES ('66','nrCwXRkTZifBJqnUtQMTLoQNOnLQAzhg','1410073731','97','1');/* DBReback Separation */
 /* 插入数据 `lzh_verify` */
 INSERT INTO `lzh_verify` VALUES ('67','rbfYtNPcAFGbdfjRoIaQEDrhfGLnERmh','1410073877','98','1');/* DBReback Separation */
 /* 插入数据 `lzh_verify` */
 INSERT INTO `lzh_verify` VALUES ('68','996258','1410074422','97','2');/* DBReback Separation */
 /* 插入数据 `lzh_verify` */
 INSERT INTO `lzh_verify` VALUES ('69','678302','1410074424','97','2');/* DBReback Separation */
 /* 插入数据 `lzh_verify` */
 INSERT INTO `lzh_verify` VALUES ('70','231075','1410074425','97','2');/* DBReback Separation */
 /* 插入数据 `lzh_verify` */
 INSERT INTO `lzh_verify` VALUES ('71','861597','1410074426','97','2');/* DBReback Separation */
 /* 插入数据 `lzh_verify` */
 INSERT INTO `lzh_verify` VALUES ('72','536874','1410074427','97','2');/* DBReback Separation */
 /* 插入数据 `lzh_verify` */
 INSERT INTO `lzh_verify` VALUES ('73','937159','1410074454','97','2');/* DBReback Separation */
 /* 插入数据 `lzh_verify` */
 INSERT INTO `lzh_verify` VALUES ('74','463927','1410074455','97','2');/* DBReback Separation */
 /* 插入数据 `lzh_verify` */
 INSERT INTO `lzh_verify` VALUES ('75','595301','1410074456','97','2');/* DBReback Separation */
 /* 插入数据 `lzh_verify` */
 INSERT INTO `lzh_verify` VALUES ('76','516770','1410074457','97','2');/* DBReback Separation */
 /* 插入数据 `lzh_verify` */
 INSERT INTO `lzh_verify` VALUES ('77','410599','1410074458','97','2');/* DBReback Separation */
 /* 插入数据 `lzh_verify` */
 INSERT INTO `lzh_verify` VALUES ('78','491857','1410074458','97','2');/* DBReback Separation */
 /* 插入数据 `lzh_verify` */
 INSERT INTO `lzh_verify` VALUES ('79','645834','1410074494','97','2');/* DBReback Separation */
 /* 插入数据 `lzh_verify` */
 INSERT INTO `lzh_verify` VALUES ('80','457897','1410074495','97','2');/* DBReback Separation */
 /* 插入数据 `lzh_verify` */
 INSERT INTO `lzh_verify` VALUES ('81','480236','1410074496','97','2');/* DBReback Separation */
 /* 插入数据 `lzh_verify` */
 INSERT INTO `lzh_verify` VALUES ('82','450547','1410074496','97','2');/* DBReback Separation */
 /* 插入数据 `lzh_verify` */
 INSERT INTO `lzh_verify` VALUES ('83','069710','1410074497','97','2');/* DBReback Separation */
 /* 插入数据 `lzh_verify` */
 INSERT INTO `lzh_verify` VALUES ('84','NJANGgKRbasBdlxWbytRpnGGFuYSfDmN','1410074518','97','1');/* DBReback Separation */
 /* 插入数据 `lzh_verify` */
 INSERT INTO `lzh_verify` VALUES ('85','UzGMXYxuAKpoVskuPEsiOSwjinfLimxU','1410074521','97','1');/* DBReback Separation */
 /* 插入数据 `lzh_verify` */
 INSERT INTO `lzh_verify` VALUES ('86','ltQMlvOEceNLuFcFvdJUJxfBDAdVoDkY','1410074526','97','1');/* DBReback Separation */
 /* 插入数据 `lzh_verify` */
 INSERT INTO `lzh_verify` VALUES ('87','GAuqGCfizDfkLlTAAhtjcNemUFLmqAyf','1410074528','97','1');/* DBReback Separation */
 /* 插入数据 `lzh_verify` */
 INSERT INTO `lzh_verify` VALUES ('88','qPSrbkrWOcggLnapUUtUxurlCwcINnlf','1410074534','97','1');/* DBReback Separation */
 /* 插入数据 `lzh_verify` */
 INSERT INTO `lzh_verify` VALUES ('89','642485','1410074561','97','2');/* DBReback Separation */
 /* 插入数据 `lzh_verify` */
 INSERT INTO `lzh_verify` VALUES ('90','357125','1410074562','97','2');/* DBReback Separation */
 /* 插入数据 `lzh_verify` */
 INSERT INTO `lzh_verify` VALUES ('91','403252','1410074596','97','2');/* DBReback Separation */
 /* 插入数据 `lzh_verify` */
 INSERT INTO `lzh_verify` VALUES ('92','516901','1410074597','97','2');/* DBReback Separation */
 /* 插入数据 `lzh_verify` */
 INSERT INTO `lzh_verify` VALUES ('93','464201','1410074598','97','2');/* DBReback Separation */
 /* 插入数据 `lzh_verify` */
 INSERT INTO `lzh_verify` VALUES ('94','621884','1410074599','97','2');/* DBReback Separation */
 /* 插入数据 `lzh_verify` */
 INSERT INTO `lzh_verify` VALUES ('95','620217','1410074600','97','2');/* DBReback Separation */
 /* 插入数据 `lzh_verify` */
 INSERT INTO `lzh_verify` VALUES ('96','404251','1410074600','97','2');/* DBReback Separation */
 /* 插入数据 `lzh_verify` */
 INSERT INTO `lzh_verify` VALUES ('97','297409','1410074601','97','2');/* DBReback Separation */
 /* 插入数据 `lzh_verify` */
 INSERT INTO `lzh_verify` VALUES ('98','477129','1410074602','97','2');/* DBReback Separation */
 /* 插入数据 `lzh_verify` */
 INSERT INTO `lzh_verify` VALUES ('99','408925','1410074603','97','2');/* DBReback Separation */
 /* 插入数据 `lzh_verify` */
 INSERT INTO `lzh_verify` VALUES ('100','897901','1410074603','97','2');/* DBReback Separation */
 /* 插入数据 `lzh_verify` */
 INSERT INTO `lzh_verify` VALUES ('101','506983','1410074764','97','2');/* DBReback Separation */
 /* 插入数据 `lzh_verify` */
 INSERT INTO `lzh_verify` VALUES ('102','655350','1410074765','97','2');/* DBReback Separation */
 /* 插入数据 `lzh_verify` */
 INSERT INTO `lzh_verify` VALUES ('103','OqZXyWBNAiSrtvqkFTxzPapzHsnVSOfk','1410074786','97','1');/* DBReback Separation */
 /* 插入数据 `lzh_verify` */
 INSERT INTO `lzh_verify` VALUES ('104','rHjweKoDWYGxUQsCpsRfxLKyQUXIJWwC','1410074894','99','1');/* DBReback Separation */
 /* 插入数据 `lzh_verify` */
 INSERT INTO `lzh_verify` VALUES ('105','GzJhNxciytxbwdrkVLxmaDjsfrwXHvGy','1410075018','99','1');/* DBReback Separation */
 /* 插入数据 `lzh_verify` */
 INSERT INTO `lzh_verify` VALUES ('106','sYsQTKuQAtmLkaHfPAAbLrIlXHYJHmLe','1410075020','99','1');/* DBReback Separation */
 /* 插入数据 `lzh_verify` */
 INSERT INTO `lzh_verify` VALUES ('107','795918','1410075079','97','2');/* DBReback Separation */
 /* 插入数据 `lzh_verify` */
 INSERT INTO `lzh_verify` VALUES ('108','126870','1410075080','97','2');/* DBReback Separation */
 /* 插入数据 `lzh_verify` */
 INSERT INTO `lzh_verify` VALUES ('109','955168','1410075103','97','2');/* DBReback Separation */
 /* 插入数据 `lzh_verify` */
 INSERT INTO `lzh_verify` VALUES ('110','359410','1410075105','97','2');/* DBReback Separation */
 /* 插入数据 `lzh_verify` */
 INSERT INTO `lzh_verify` VALUES ('111','403934','1410075420','99','2');/* DBReback Separation */
 /* 插入数据 `lzh_verify` */
 INSERT INTO `lzh_verify` VALUES ('112','184673','1410075423','99','2');/* DBReback Separation */
 /* 插入数据 `lzh_verify` */
 INSERT INTO `lzh_verify` VALUES ('113','895353','1410075434','97','2');/* DBReback Separation */
 /* 插入数据 `lzh_verify` */
 INSERT INTO `lzh_verify` VALUES ('114','726038','1410075435','97','2');/* DBReback Separation */
 /* 插入数据 `lzh_verify` */
 INSERT INTO `lzh_verify` VALUES ('115','961358','1410075571','99','2');/* DBReback Separation */
 /* 插入数据 `lzh_verify` */
 INSERT INTO `lzh_verify` VALUES ('116','EGmvVIuRvoclMKYAghfjiXOtxDpAbEqa','1410075583','99','1');/* DBReback Separation */
 /* 插入数据 `lzh_verify` */
 INSERT INTO `lzh_verify` VALUES ('117','qjelxdJMosXOCBjpOAbOUGmwqIbinCVH','1410076147','99','1');/* DBReback Separation */
 /* 插入数据 `lzh_verify` */
 INSERT INTO `lzh_verify` VALUES ('118','562373','1410076535','97','2');/* DBReback Separation */
 /* 插入数据 `lzh_verify` */
 INSERT INTO `lzh_verify` VALUES ('119','eznZzNfXZJbTTcgcrWQPwsNLpIGOYUUY','1410076607','97','1');/* DBReback Separation */
 /* 插入数据 `lzh_verify` */
 INSERT INTO `lzh_verify` VALUES ('120','nlkxSqWuZcapIlEHPLKnOHZhocjHufLQ','1410076609','97','1');/* DBReback Separation */
 /* 插入数据 `lzh_verify` */
 INSERT INTO `lzh_verify` VALUES ('121','ehqZkDaYvOXCOTPRkVUWxjNfEuWGKsAt','1410076610','97','1');/* DBReback Separation */
 /* 插入数据 `lzh_verify` */
 INSERT INTO `lzh_verify` VALUES ('122','nEdPatOyOmebAyilKszKhmEPobNOVVBp','1410076623','97','1');/* DBReback Separation */
 /* 插入数据 `lzh_verify` */
 INSERT INTO `lzh_verify` VALUES ('123','JLPNaBOxpMiTAaZHVgLnXhbzFsHCdxQG','1410076624','97','1');/* DBReback Separation */
 /* 插入数据 `lzh_verify` */
 INSERT INTO `lzh_verify` VALUES ('124','RWyKSUwqAYIJxHyCcieHMzbQaCGxVBsX','1410076630','97','1');/* DBReback Separation */
 /* 插入数据 `lzh_verify` */
 INSERT INTO `lzh_verify` VALUES ('125','562266','1410076642','97','2');/* DBReback Separation */
 /* 插入数据 `lzh_verify` */
 INSERT INTO `lzh_verify` VALUES ('126','825836','1410076643','97','2');/* DBReback Separation */
 /* 插入数据 `lzh_verify` */
 INSERT INTO `lzh_verify` VALUES ('127','qEXfuChwviDVKuyrFUammKJIZkHXtyjR','1410077131','99','1');/* DBReback Separation */
 /* 插入数据 `lzh_verify` */
 INSERT INTO `lzh_verify` VALUES ('128','gwNaSmGzxGiQidZNjzQeKlgJQXYejpXW','1410078342','100','1');/* DBReback Separation */
 /* 插入数据 `lzh_verify` */
 INSERT INTO `lzh_verify` VALUES ('129','VqJKuGeqSUboVQyOXeuEiGKZFjyVdYar','1410078678','101','1');/* DBReback Separation */
 /* 插入数据 `lzh_verify` */
 INSERT INTO `lzh_verify` VALUES ('130','hSyyFmZGELCzYYarNQonOeTNDxxuLBRS','1410482450','106','1');/* DBReback Separation */
 /* 插入数据 `lzh_verify` */
 INSERT INTO `lzh_verify` VALUES ('131','ARqOdkZymeeKrDEZvcHXEjIoofCSUvGo','1410492638','106','1');/* DBReback Separation */
 /* 插入数据 `lzh_verify` */
 INSERT INTO `lzh_verify` VALUES ('132','xMnXQdLBbJRWSMwaqdOrzlFJfzkTWrsI','1410492640','106','1');/* DBReback Separation */
 /* 插入数据 `lzh_verify` */
 INSERT INTO `lzh_verify` VALUES ('133','FqZOknphVaclfdyvXUEEuzrPsGIWnkBR','1410492641','106','1');/* DBReback Separation */
 /* 插入数据 `lzh_verify` */
 INSERT INTO `lzh_verify` VALUES ('134','absUrRVuJQtjtnneyNaFnndFWCzDTgrW','1410492646','106','1');/* DBReback Separation */
 /* 插入数据 `lzh_verify` */
 INSERT INTO `lzh_verify` VALUES ('135','ydOfxQqBjoFezHRNuFdPCIzDCQYmwPQB','1410492700','106','1');/* DBReback Separation */
 /* 插入数据 `lzh_verify` */
 INSERT INTO `lzh_verify` VALUES ('136','100864','1410493089','106','2');/* DBReback Separation */
 /* 插入数据 `lzh_verify` */
 INSERT INTO `lzh_verify` VALUES ('137','aAFyJtmpJjYnFZelYHfkOZQCBsdmtUuh','1410587849','107','1');/* DBReback Separation */ 
 /* 数据表结构 `lzh_video_apply`*/ 
 DROP TABLE IF EXISTS `lzh_video_apply`;/* DBReback Separation */ 
 CREATE TABLE `lzh_video_apply` (
  `id` int(10) unsigned NOT NULL AUTO_INCREMENT,
  `uid` int(10) unsigned NOT NULL,
  `add_time` int(10) unsigned NOT NULL,
  `add_ip` varchar(16) NOT NULL,
  `apply_status` tinyint(3) unsigned NOT NULL DEFAULT '0',
  `credits` int(11) NOT NULL DEFAULT '0',
  `deal_user` int(10) unsigned NOT NULL,
  `deal_time` int(10) unsigned NOT NULL,
  `deal_info` varchar(50) NOT NULL,
  PRIMARY KEY (`id`),
  KEY `uid` (`uid`,`id`)
) ENGINE=MyISAM DEFAULT CHARSET=utf8;/* DBReback Separation */ 
 /* 数据表结构 `lzh_vip_apply`*/ 
 DROP TABLE IF EXISTS `lzh_vip_apply`;/* DBReback Separation */ 
 CREATE TABLE `lzh_vip_apply` (
  `id` int(11) NOT NULL AUTO_INCREMENT,
  `uid` int(10) unsigned NOT NULL,
  `kfid` int(10) unsigned NOT NULL,
  `province_now` int(10) unsigned NOT NULL,
  `city_now` int(11) NOT NULL,
  `area_now` int(11) NOT NULL,
  `des` varchar(1000) NOT NULL,
  `add_time` int(10) NOT NULL,
  `status` tinyint(3) unsigned NOT NULL,
  `deal_time` int(10) unsigned NOT NULL,
  `deal_user` int(10) unsigned NOT NULL,
  `deal_info` varchar(200) NOT NULL COMMENT '处理意见',
  PRIMARY KEY (`id`)
) ENGINE=MyISAM AUTO_INCREMENT=36 DEFAULT CHARSET=utf8;/* DBReback Separation */
 /* 插入数据 `lzh_vip_apply` */
 INSERT INTO `lzh_vip_apply` VALUES ('1','5','112','0','0','0','0','1402713912','1','1402713951','113','0');/* DBReback Separation */
 /* 插入数据 `lzh_vip_apply` */
 INSERT INTO `lzh_vip_apply` VALUES ('2','1','111','0','0','0','申请vip','1402713992','1','1402714635','113','211');/* DBReback Separation */
 /* 插入数据 `lzh_vip_apply` */
 INSERT INTO `lzh_vip_apply` VALUES ('3','6','112','0','0','0','11','1402715050','1','1402715133','113','11');/* DBReback Separation */
 /* 插入数据 `lzh_vip_apply` */
 INSERT INTO `lzh_vip_apply` VALUES ('4','8','112','0','0','0','你好','1402715094','1','1402715711','113','你好');/* DBReback Separation */
 /* 插入数据 `lzh_vip_apply` */
 INSERT INTO `lzh_vip_apply` VALUES ('5','7','112','0','0','0','65656562','1402715247','1','1402715264','113','546546');/* DBReback Separation */
 /* 插入数据 `lzh_vip_apply` */
 INSERT INTO `lzh_vip_apply` VALUES ('6','4','112','0','0','0','通过','1402715421','1','1402715452','113','通过');/* DBReback Separation */
 /* 插入数据 `lzh_vip_apply` */
 INSERT INTO `lzh_vip_apply` VALUES ('7','3','113','0','0','0','哈？','1402715773','1','1402715801','113','呼？');/* DBReback Separation */
 /* 插入数据 `lzh_vip_apply` */
 INSERT INTO `lzh_vip_apply` VALUES ('8','9','113','0','0','0','ghgfh','1402725195','1','1402725211','113','fgh');/* DBReback Separation */
 /* 插入数据 `lzh_vip_apply` */
 INSERT INTO `lzh_vip_apply` VALUES ('9','12','112','0','0','0','ds','1403086781','1','1403086794','113','sd');/* DBReback Separation */
 /* 插入数据 `lzh_vip_apply` */
 INSERT INTO `lzh_vip_apply` VALUES ('10','13','112','0','0','0','测试','1403513975','1','1403513993','113','交换机');/* DBReback Separation */
 /* 插入数据 `lzh_vip_apply` */
 INSERT INTO `lzh_vip_apply` VALUES ('11','20','112','0','0','0','123','1404180392','1','1406973428','119','hrtghgrt');/* DBReback Separation */
 /* 插入数据 `lzh_vip_apply` */
 INSERT INTO `lzh_vip_apply` VALUES ('12','21','112','0','0','0','ceshi','1404553657','1','1404553849','119','211221199003126666');/* DBReback Separation */
 /* 插入数据 `lzh_vip_apply` */
 INSERT INTO `lzh_vip_apply` VALUES ('13','25','112','0','0','0','sa','1404453702','1','1404453749','119','1');/* DBReback Separation */
 /* 插入数据 `lzh_vip_apply` */
 INSERT INTO `lzh_vip_apply` VALUES ('14','27','112','0','0','0','测试，帮忙审核下，谢谢','1404461174','1','1404461398','119','测试一下嘛');/* DBReback Separation */
 /* 插入数据 `lzh_vip_apply` */
 INSERT INTO `lzh_vip_apply` VALUES ('15','32','112','0','0','0','分好几个','1404658014','1','1404658043','119','sgsb');/* DBReback Separation */
 /* 插入数据 `lzh_vip_apply` */
 INSERT INTO `lzh_vip_apply` VALUES ('16','35','112','0','0','0','神奇','1404980921','1','1404980987','113','tongguo ');/* DBReback Separation */
 /* 插入数据 `lzh_vip_apply` */
 INSERT INTO `lzh_vip_apply` VALUES ('17','41','112','0','0','0','1','1405409499','1','1405409551','119','1');/* DBReback Separation */
 /* 插入数据 `lzh_vip_apply` */
 INSERT INTO `lzh_vip_apply` VALUES ('18','54','113','0','0','0','shishi','1406520709','1','1406968621','119','efdwedw');/* DBReback Separation */
 /* 插入数据 `lzh_vip_apply` */
 INSERT INTO `lzh_vip_apply` VALUES ('19','55','113','0','0','0','五色土方','1406699864','1','1406973422','119','dfe');/* DBReback Separation */
 /* 插入数据 `lzh_vip_apply` */
 INSERT INTO `lzh_vip_apply` VALUES ('20','58','112','0','0','0','123','1406873241','1','1406873264','113','123');/* DBReback Separation */
 /* 插入数据 `lzh_vip_apply` */
 INSERT INTO `lzh_vip_apply` VALUES ('21','64','112','0','0','0','fhh','1407140471','1','1407311119','113','ui');/* DBReback Separation */
 /* 插入数据 `lzh_vip_apply` */
 INSERT INTO `lzh_vip_apply` VALUES ('22','60','111','0','0','0','sdg a','1407235504','1','1408268743','119','tg');/* DBReback Separation */
 /* 插入数据 `lzh_vip_apply` */
 INSERT INTO `lzh_vip_apply` VALUES ('23','15','112','0','0','0','','1408688658','0','0','0','');/* DBReback Separation */
 /* 插入数据 `lzh_vip_apply` */
 INSERT INTO `lzh_vip_apply` VALUES ('24','77','113','0','0','0','开启VIP','1409077170','1','1409581292','113','0');/* DBReback Separation */
 /* 插入数据 `lzh_vip_apply` */
 INSERT INTO `lzh_vip_apply` VALUES ('25','79','113','0','0','0','申请vip','1409107608','1','1409107629','119','同意');/* DBReback Separation */
 /* 插入数据 `lzh_vip_apply` */
 INSERT INTO `lzh_vip_apply` VALUES ('26','80','118','0','0','0','申请VIP会员','1409211764','1','1409211788','119','agree');/* DBReback Separation */
 /* 插入数据 `lzh_vip_apply` */
 INSERT INTO `lzh_vip_apply` VALUES ('27','82','112','0','0','0','11','1409272193','1','1409548795','113','辅导费');/* DBReback Separation */
 /* 插入数据 `lzh_vip_apply` */
 INSERT INTO `lzh_vip_apply` VALUES ('28','84','113','0','0','0','aaa','1409390960','1','1409391051','119','111');/* DBReback Separation */
 /* 插入数据 `lzh_vip_apply` */
 INSERT INTO `lzh_vip_apply` VALUES ('29','90','118','0','0','0','建军节建军节呢','1409665068','0','0','0','');/* DBReback Separation */
 /* 插入数据 `lzh_vip_apply` */
 INSERT INTO `lzh_vip_apply` VALUES ('30','95','112','0','0','0','fffffffffffffff','1409872507','1','1409872630','119','tongi');/* DBReback Separation */
 /* 插入数据 `lzh_vip_apply` */
 INSERT INTO `lzh_vip_apply` VALUES ('31','98','112','0','0','0','11','1410075191','1','1410075215','119',' ');/* DBReback Separation */
 /* 插入数据 `lzh_vip_apply` */
 INSERT INTO `lzh_vip_apply` VALUES ('32','97','118','0','0','0','lvmaque 推荐担保借款','1410075611','1','1410076123','119','lvmaque担保的会员，担保额度：100000');/* DBReback Separation */
 /* 插入数据 `lzh_vip_apply` */
 INSERT INTO `lzh_vip_apply` VALUES ('33','99','118','0','0','0','lvmaque 推荐担保借款','1410076177','2','1410702649','119','lll\'');/* DBReback Separation */
 /* 插入数据 `lzh_vip_apply` */
 INSERT INTO `lzh_vip_apply` VALUES ('34','103','112','0','0','0','111','1410319137','1','1410319158','113','111');/* DBReback Separation */
 /* 插入数据 `lzh_vip_apply` */
 INSERT INTO `lzh_vip_apply` VALUES ('35','106','112','0','0','0','fdsafda','1410492417','1','1410492432','119','rfewrew');/* DBReback Separation */